rating,title,text,images,asin,parent_asin,user_id,timestamp,helpful_vote,verified_purchase,ground_truth,_eval_key
3,Three Stars,could make it a little easier........,[],B00IX1I3G6,B00IX1I3G6,AE4ZS52KYGE7TEM5R63HRHWQRMYQ,1518720053406,0,True,NEUTRAL,77360
5,Needed to get some thing small  surprise my neighbor for helping me,Perfect,[],B06WVJBLBQ,B071X4ZX3X,AHR3F7IAEFAWF7ZYRF2LAAD7FVBA,1634753154083,0,True,POSITIVE,17240
2,Waste of money,Amazon sucks,[],B072F9T6VX,B018F4M89S,AHAK2C3JKFXGZDPACZ2RGVTKXCPA,1570069311759,0,True,NEGATIVE,44420
1,Ripped off,There was a link for this online that said I would get a $20 discount for spending $50 and it never gave me the discount.,[],B086KKT3RX,B086KKT3RX,AGIJ3PLHUWUZS5YLDNXTSHF4OUNQ,1663264356700,0,True,NEGATIVE,78124
5,Great that it comes with a box!,I always like to package my gift card with something else so it doesn’t get lost. The box that this comes with is perfect! Love the bright color.,[],B0763VZ9Z7,B079PMF9VC,AHGH2XIXANDLVLVKZFZYJW6TZ6RA,1673222779574,0,True,POSITIVE,33943
3,Credit for refilling was not awarded.,"This is the second time I've 'reloaded' the card, and did not get the 'bonus' amount for reloading.  It's still easy to use. and helps keep track of spending.",[],B00IX1I3G6,B00IX1I3G6,AGENAR6CM7ZGINABW4U5ROKVDSMA,1596341601303,0,True,NEUTRAL,58021
5,Five Stars,great,[],B00BXQIJ5S,B00BXQIGA6,AFAHAHSGLXD4H6D72XOUGSAQICTA,1453477915000,0,True,POSITIVE,131421
3,you have to pay a fee in order to buy a visa gift card,having to pay a 3.95 fee and when i add prime i had to pay 12.99 for the month but only received a refund of 1/2 back.  all of these fees and charges are rediculous. thanks,[],B07HJHK8Y5,B07HJHK8Y5,AHF3D4UQ4RMDHAMNS2TDHN37JACQ,1640628711450,1,True,NEUTRAL,94853
1,"Cover of the card looks like it was on a dirty floor, stepped on, bent & old. It Looks disgraceful!","I am shocked at the condition this gift card came in and I need to mail it out of state for Christmas. The cover of the card looks old and as if it had been laying on a dirty floor, stepped on, bent corners on the cardboard and it looks like it's very old, as even the white of the card cover is discolored. I am not pleased at all and so embarrassed to send this as a gift. I have never had this experience with any gift card order through Amazon.",[],B077JD9B94,B00PG23QFI,AHMS4JWQARKFX6HLAXRKQL2G6T4Q,1669908232140,0,False,NEGATIVE,46157
3,Easy to use.,Easy to use. Don’t like the extra fees.<br />Not necessary,[],B07HJD9FVV,B07HJD9FVV,AHPCUWXMB2ZXDVOAJ4C7RCG3LKDQ,1605264906146,0,True,NEUTRAL,12665
5,Five Stars,easier then a big bank statement,[],B00IX1I3G6,B00IX1I3G6,AE4GYRKINOCIONL5555JY35QEBQQ,1429309253000,0,True,POSITIVE,94216
1,appearance,was going to give away the container  with the gift card inside. But the container is severely damaged not by mail either. it was smashed badly around the edges. it's metal!! a big disappointment. but will keep it anyway just have to give the card away not the container!!  that was what she loved about the container how pretty it was!!,[],B01K8RKA9A,B01K8RKA9A,AEY3VITFP5QRIA7QWCXA4D33ODMA,1578505048918,0,True,NEGATIVE,97753
3,It does what it does,"Nothing exciting to say about this one. It does what it does, and it does it well.",[],B086KKT3RX,B086KKT3RX,AGXD5ZX6LFECCINVNLCNZVAW7C7Q,1631307705313,1,True,NEUTRAL,52005
5,Great,Great gift,[],B01JQSONCC,B018F4M89S,AFVGZT7Q2RUZVWLGCKUGPHKN3B6A,1557535038229,0,True,POSITIVE,8834
1,Lack of message meant confusion for recipient,Lack of personal message capability meant the receiver did not know who sent the gift card.,[],B014S1KSCQ,B018F4H5DM,AGOIIUAVZCJRPI4IC4CJX26JQSXQ,1478373352000,2,True,NEGATIVE,113973
3,Good experience but higher currency conversion rate,currency conversion rate was much higher than published bank rates,[],B086KKT3RX,B086KKT3RX,AEJKUKWLEZZFCKYWC4CH52YRURPA,1669168697265,0,True,NEUTRAL,123078
3,Three Stars,Ok,[],B00IX1I3G6,B00IX1I3G6,AGDLEYSVFDBXCHBEWKD4XPGMUARA,1419790179000,1,True,NEUTRAL,134935
5,"Super easy to use. Handy, no problems",This was So handy! I used it for myself for Amazon purchases. Received a small credit for reloading....,[],B00IX1I3G6,B00IX1I3G6,AFOTZUID6FDKWZGLCNXG2XIYYL4A,1597005220479,1,True,POSITIVE,41177
5,Reload,It worked,[],B086KKT3RX,B086KKT3RX,AE3ZHEYYYUBY5PHMWGF6TH2TUITQ,1642531970004,0,True,POSITIVE,77080
5,Adorable Santa Containers,"I usually send email gift certificates, but decided to hand these out this past Christmas.  My family loved them, and they thought the containers were adorable.",[],B01E4QUN0W,B00ADR2LV6,AG7TMYPD26JDN2HBTKQS7SMS4COQ,1483452782000,0,True,POSITIVE,32587
3,A good idea...if the tin makes it intact,Easy purchase for a gift...but the tin came all smashed. Not a very nice presentation. Disappointing.,"[{'small_image_url': 'https://images-na.ssl-images-amazon.com/images/I/61J7pbPz85L._SL256_.jpg', 'medium_image_url': 'https://images-na.ssl-images-amazon.com/images/I/61J7pbPz85L._SL800_.jpg', 'large_image_url': 'https://images-na.ssl-images-amazon.com/images/I/61J7pbPz85L.jpg', 'attachment_type': 'IMAGE'}]",B01K8RJDEI,B00ADR2LV6,AGX3QBOEBP5ZC36SZBDC7PAOM3SA,1577063645821,0,True,NEUTRAL,7383
5,Five Stars,Such a cute TIN!,[],B01K8RK2KW,B01K8RK2KW,AGQD3XXWJSZOJ7TWYE7RC2JSGIVA,1487740463000,0,True,POSITIVE,113233
1,Came dented,"Came dented & card was bent inside, terrible! Makes it look like I recycled it!!",[],B01C9MW8Z6,B00JFBLZ90,AH3YXZZNUYZCYBX2E5KKEQ5WB5FA,1594658973800,0,True,NEGATIVE,68236
3,Great to have on hand if you need something,I used it for my motorcycle. It's good and easy to use,[],B00IX1I3G6,B00IX1I3G6,AE6KWPXHYX5MTGDARBA5CWGFQOKA,1627431292770,0,True,NEUTRAL,53009
2,NEVER AGAIN!,"While I'm not your longest standing customer and certainly not your largest, I have been a very steady (and generally quite satisfied) customer of yours for well over 10 years.  This order has been the largest single purchase and, by far, the worst Amazon shopping experience EVER.<br /><br />Since last week I've been trying to take advantage of any available promotions on Amazon gift cards for our employees.  Not only did I have trouble reaching someone to ask questions and place an order, once I did, they were really no help at all and I was redirected back to the web.  So I placed the order on Thursday for delivery on Friday and must have edited the gift note sentiment at least 6 times in order to fall within the 240 character limit.  We did NOT receive the cards on Friday or Saturday; as a matter of fact, if we hadn't driven to the UPS depot last night (Monday) we still wouldn't have them.  After opening the package, there was no indication as to whose they were (after carefully complying with the instructions to indicate this) or what the value of the cards were (at least from the outside envelope) and there were no gift notes on any of them!  Talk about ""no good deed goes unpunished""!<br /><br />I was attempting to (at least slightly) personalize this gift but ended up feeling like I'd just left a warehouse store with a bulk purchase of gift cards...which is exactly what I'll do next time; at least then I'll know what to expect.  NEVER AGAIN!",[],BT00CTOUNS,BT00CTOUNS,AGBHQ5A6O4RCCZ455Q3HHRK7IK7A,1289939148000,84,True,NEGATIVE,132433
3,Good product.,Easy gift.,[],B00IX1I3G6,B00IX1I3G6,AEJF53FVROUTKGZII44QGCRW3AZA,1626750171200,0,True,NEUTRAL,51598
3,Valid only in US,It is only valid in US which makes it hard to use if you live abroad,[],B086KKT3RX,B086KKT3RX,AHN5RTZFJ2TDXE74GNS2NA7ECKUQ,1678739854427,0,True,NEUTRAL,123045
5,Gift,Easter basket card perfect gift for grown kids who still want Easter basket.,[],B08621FWD3,B0BT85F69N,AGDWLVDIQBCKKKLV5S6CKSODSWEA,1654355279262,0,True,POSITIVE,58020
5,Def buy,Always get extra cash to spend,[],B00IX1I3G6,B00IX1I3G6,AFL2S6WR6AHIPKFSLOZEKIFFV5TA,1617332318717,0,True,POSITIVE,51788
5,Great gift card presentation,Great easy way to send a gift card.,[],B01C9MW8Z6,B00JFBLZ90,AHAV63H4ER2TVXJ3ZLRS2ZXAQZKA,1605305418898,0,True,POSITIVE,112372
3,Hard to find,Hard to find on my card,[],B00IX1I3G6,B00IX1I3G6,AHKJXEEQ5U64FEUSSA6ZGJPK4UMA,1584555472757,0,True,NEUTRAL,355
5,Card for the wife,"My wife loves shopping on Amazon, so this is a no brainer for a gift for her.  Yes, she was very happy",[],B01K8RJVDQ,B077N4CNVJ,AFSCBAVQRATYZAIVSBNAR5EDKQFA,1668289028238,1,True,POSITIVE,91707
3,was for Christmas present,Need to fund out from person that  was given to and find out her experience and price needed if adequate,[],B003YLZCFK,B003YLZCFK,AFNJ5OJVA5LCGQCZYZRSYCCXGCPA,1387855988000,0,True,NEUTRAL,145838
5,a good gift card many options,"This is a very good gift card, easy to use with a lot of options.",[],B07RN957Q8,B07JMV25V6,AGRIGTMDPMZVNDZCS5NYDXB2UOFA,1642044542506,0,True,POSITIVE,128137
3,Why is there a purchase limit?,These are electronic cards printed on a piece of cardboard.  Why can't I buy more than 20?,[],B07YMZJHWT,B07YMZ5CQW,AF4T6FSOWAEMMNU7SKLHSTUKBBSA,1611021546060,0,True,NEUTRAL,132840
5,Great Gift,Exactly as described.,[],B016CID2JY,B016CID2JY,AG6LSZMZNX43V7VSQC3EURDLRQCA,1579113896922,0,True,POSITIVE,50735
3,Yeet,You should be able to use two different cards as a payment option,[],B00IX1I3G6,B00IX1I3G6,AHGAELPVS54OBSTEJH5YJDU3EXKA,1540744126804,0,True,NEUTRAL,107136
5,Easy to use,Works great,[],B00IX1I3G6,B00IX1I3G6,AGQUOMVCXAOWTGCZTY3MFXIBVM7Q,1536187672938,0,True,POSITIVE,49557
1,Cheap looking,The card came damaged. It didn’t look like a flower gift card. Cheap looking,[],B01IE42ST4,B0BT85F69N,AHVGEPPDA4FA4CEHMRZTPN4ZN36Q,1621717908342,0,True,NEGATIVE,74664
5,No Issues,"Gave as a gift, without any problems.",[],B07Y5W866K,B07Y62Z7L8,AGYLEEJZKIQXXZHX7PIALBKPICOA,1606005002201,0,True,POSITIVE,83069
3,The down side to these cards,"The cards can go up to 250.00, but you can only buy in $50.00 increments. I wanted $100.00, had to get 2 cards, and they shipped separately too",[],B07TFB6JWB,B07TFB6JWB,AGKUMPS5U3R7SS7V2BJDMSOUCULQ,1614886120301,0,False,NEUTRAL,60065
2,Couldn't use it to order online,Ok I guess,[],B01MSBQB1P,B01MSBQB1P,AGFYBTOTLBVB3MXBZOXK7OBVY3AA,1542155783779,3,True,NEGATIVE,110653
5,"It's great, of course","An Amazon gift card allows you to buy anything you could ever want. It is like giving money to somebody, except that person can buy directly from home with free shipping. There really is nothing bad about an Amazon gift card.",[],B005S28ZES,B005S28ZES,AGKPIRXTFZINHSTI7P6NJ3F7CRJQ,1327669804000,0,False,POSITIVE,62435
3,I have been thoroughly satisfied with Amazon and it's products and services from jump street.,Convenient,[],B00IX1I3G6,B00IX1I3G6,AH7DVMXMUKQ34IV5XVNZFOTMKNWQ,1568846706637,0,True,NEUTRAL,151937
3,I think it is a good gift card,I think it is  a good gift card.,[],B00KV30IHG,B00KV30IHG,AHPIBEUCPN257T4HTMTIRZYV5ZDQ,1483393540000,2,True,NEUTRAL,137040
5,Convenient,I used this as a part of a gift for secret Santa because it was in the person’s list. Very convenient.,[],B01K8RMDO0,B077N4CNVJ,AGC3TABBMQ6SF74YNYYU5LCURCOA,1674101835900,1,True,POSITIVE,45756
3,I guess this is good for people who want a tighter control over their ...,"I'd very much prefer to keep my funds handy, not just stuck on an Amazon account. I did this mainly to take advantage of the credit offer. I guess this is good for people who want a tighter control over their budget.",[],B00IX1I3G6,B00IX1I3G6,AE7DH2WBBBVXYONNKZB44RWHPFHQ,1504673382153,1,True,NEUTRAL,26343
3,I have trouble at some retailers using this,"Had trouble at Walmart using this card.  It was extremely inconvenient.<br />Also, can't get cash out... which sucks.",[],B01MSBQB1P,B01MSBQB1P,AE7D64JGXEGCMT7L6GEC7ECYBIVA,1618335109226,0,True,NEUTRAL,9820
5,Really easy to gift giving,I really do like to give amazon gift cards for any holiday. It is so easy and free shipping to the person you are giving it to.,[],B01IE42ST4,B0BT85F69N,AHOZU3OTYX2HVXU2EXW2ZKL27BMQ,1580529527242,0,True,POSITIVE,106381
5,Five Stars,"excellent, don;t know why I did not do this type of shopping, this season was a breeze! Thanks, Jeanne",[],B00U6OPWBM,B00U6OPWBM,AEUXGEBKZLXE65HPI62YJHXNVXKQ,1484260021000,0,False,POSITIVE,119407
5,It's a gift card.,You can't really go wrong with a gift card.,[],B00FGEHS00,B00FGEHS00,AFKFZBQGGM74DEN5FCJE3ZTGCRSQ,1507728981044,0,True,POSITIVE,12158
1,No comment,No comment,[],B00IX1I3G6,B00IX1I3G6,AG4E6ZHNU5GBJ2ZUCMAYFDM62XYA,1660771527540,0,True,NEGATIVE,54935
1,fake,fake,[],B00IX1I3G6,B00IX1I3G6,AHQOF3M6ZPR7CLPU77UWLK7VXTKA,1560863739049,0,True,NEGATIVE,139291
3,Missed Savings,"I overlooked the spot not once, but 2xs that you have to additionally click on to receive 2% cash back on reload. Definitely know next time to make sure it is selected.",[],B00IX1I3G6,B00IX1I3G6,AHSTTWMFJLHOO7R5DKRN62KJRIAQ,1617059340152,0,True,NEUTRAL,52007
3,Three Stars,was not accepted at some subway locations,[],B00CIECDEM,B00BXLW5QC,AEZX3OS525N7T55IN3WOAG6QQ7HA,1492753187000,0,True,NEUTRAL,113917
3,Not happy with the package,I ordered a holiday gift card (snowglobe with a snowman inside) but it was packaged in a black box with an orange bow!! WTH?  Not happy,[],B005ESMF5G,B005ESMF5G,AHFMWHJDMDWE5RNLGZKIDLRBZ5CA,1353186169000,1,True,NEUTRAL,102385
1,One Star,It is saying that it is delivered but i didnt get the item,[],B005ESMGZU,B005ESMGZU,AFOQKTXC2I5W2SFAJUXCDBSW3MCA,1468529346000,0,True,NEGATIVE,37145
1,Not Shoneys,"Good Luck finding a Shoneys. Great deal. Sadly, no one wants it and I must seive32 miles hoping that location is still open.",[],B00P3DVHT2,B00P3DVBFW,AEJXOT6OENU2P5TTTRBBHEPNDZPA,1470528126000,0,True,NEGATIVE,46192
3,Everything has a price,It’s very gif table easy to use and the value for money is great,[],B00IX1I3G6,B00IX1I3G6,AFXYGW7MEQNOTPOUNGLNIRYU37XQ,1620416651103,0,True,NEUTRAL,52262
1,I'm so disappointed.,"It's not a card, it's just a crumpled paper. I'm so disappointed.",[],B06ZYYYHV3,B073VBZM8J,AHKHU6EDACC6IRJ3CNZ2O5BJHDZQ,1591204755479,1,True,NEGATIVE,126877
5,It works,Pretty simple. Not a whole lot to say.,[],B07XMLDH8Y,B07XMLDH8Y,AGYKIDEYSNEFQB7747FEOUH7CWAQ,1578886470180,2,True,POSITIVE,20040
3,It's a gift card...,It's a gift card. What kind of review can I actually give? I liked receiving an extra $10 credit for purchasing it. My daughter liked the tin.,[],B0091JKU5Q,B00ADR2LV6,AHWTUPVREN3KPJIZ6M7SWYILPJHQ,1483710783000,0,True,NEUTRAL,31114
1,NEVER AGAIN....,"Received one as a gift.  For some reason Amazon (according to the issuing bank) removed the funds from the card after the card was purchased.  When I called Amazon to find out what happened, after 40 minutes they couldn't find any record of the card and had no idea why the funds would have been withdrawn from the card they couldn't find....  NEVER AGAIN.  I'm apparently out a $200 gift or the giver is in for an afternoon of endless questions and my guess is little or no satisfaction from Amazon customer service.",[],B07HJD9FVV,B07HJD9FVV,AHG23IQGCICFD65PSCHWAXPPWYXA,1546706610939,6,False,NEGATIVE,102545
3,Three Stars,Dented tin :/,[],B00JDQKELW,B00JDQKELW,AFB3VBRR4XBEDQY24UI2KVF65TYA,1476741519000,0,True,NEUTRAL,25909
5,It's a giftcard,Bought for teen. Easy gift,[],B071NM2PNL,B071X4ZX3X,AH6KCNT6NDX7RPI6HJHPU2TXPL2Q,1674074398538,0,True,POSITIVE,37229
1,useless,"peel off strip doesn't come off easily, finally got it off and it took the pin number with it. Got a refund. Read the negative reviews here. Sold and shipped by ACI which is owned by Amazon. Never again.",[],B07TFB6JWB,B07TFB6JWB,AGSFD3TMJBO7KMDOIL4TRH2U67IQ,1656897031466,0,True,NEGATIVE,19151
3,Ok...,"It was a little difficult to reload onto my account. Didn't seem to want to post to my account. Took three tries, I think.",[],B00IX1I3G6,B00IX1I3G6,AHFJH45RLEUXUBGFCLASSNLRYTAQ,1595081744006,0,True,NEUTRAL,123654
3,Gift card,"The gift card arrived on time. However, there wasn't a writing that I had written on the gift card. My daughter had no idea who the card was from. The saying that I wrote wasn't on the card, as well. Not acceptable. I asked her if she received a gift card from Amazon. She said, yes, but had no idea who gave it to her.",[],B01IE42ST4,B0BT85F69N,AHZEQXJW3F4P5GDCGDCK7EFCBYLQ,1588432961665,0,False,NEUTRAL,93355
5,Nice Looking,Good Envelope.,[],B071NM2PNL,B071X4ZX3X,AEOPWNO6VHA3KI2V65VH5CV3BDHA,1607641681002,0,True,POSITIVE,87871
3,"Useful, but Caution","Useful for using up a Visa Gift Card with a small balance, but they charged a dollar as a so-called test to my account. However the dollar was never refunded, so it was a surcharge, not a test.",[],B00IX1I3G6,B00IX1I3G6,AET7HSCCMH52Y5KIJLIZ5B4ZFEHQ,1490060601000,4,True,NEUTRAL,57335
5,Five Stars,Loved it!,[],B005ESMGZU,B005ESMGZU,AGL5WPSJWICCOTWA4WSWNU4JTYDA,1468513396000,0,True,POSITIVE,2874
1,You delivered a gift card which is like cash to the wrong address.,"Gift cards are like cash and should be treated like cash so when you give it to someone that wasn't supposed to get it, it might be hard to track down the next day. So you should deliver the gift cards to the ACTUAL address it was delivered to. You just made some stranger a merry christmas while im sitting here writing this.",[],B01MSBQB1P,B01MSBQB1P,AH7EDZA6BNGB6JEONO5J2B5FIVWQ,1545732492716,2,True,NEGATIVE,110554
1,Even after a phone call never received the codes to use the cards,These were given out to our clients and they were not able to use the cards outside of Amazon. We asked for codes and never received them,[],B01MSBQB1P,B01MSBQB1P,AHFIVKIT54B3HMLFEF4OJWCGYBIA,1641835938469,1,True,NEGATIVE,110750
1,"I love Panera, however","I love Panera, however, I sent one of these to my granddaughter for Christmas and today she called to tell me that when she went to use it at college, she ended up paying for her food herself because the card didn't work and when she went on line to check the number, it, too, said $0 balance.  She had never used it. I have the other one I ordered then still here and was going to send it to her for her birthday. So, now I'll have to scratch off the PIN # and go online to check it BEFORE I can send it.  That will make it less than a brand new card for her to open and use on her birthday IF it IS a good card.  Not sure what to do now that the other one doesn't work and I paid $25 for it!  Who do I call?",[],B00GOLGWVK,B00GOLGUVC,AHO55BHOX3G2JSYGWYU7ZYIV5C7Q,1517541112615,2,True,NEGATIVE,104872
3,I won't purchase any more gift cards.,This was a gift.  One of the cards was not activated and couldn't be used.,[],B00JJ59UA8,B00JJ59RZQ,AEXDC3NMM3T6M47SCZBUFMIWCK4A,1541894942332,1,True,NEUTRAL,145903
1,Holiday message not included but it was on my order invoice,Did not come with my holiday message printed on it.<br /><br />Items Ordered Price<br />1 of: Amazon.com Gift Card with Greeting Card - $15  (Christmas Tree design) [Paper Gift Certificate]<br />Condition: New<br />Sold by: Amazon.com LLC<br />$15.00<br />- 1 item(s) Gift options:<br />- Gift-wrap: None<br />- Gift note: Merry Christmas From: Jason,[],B005J02O00,BT00CTOUNS,AEVT6TQSHPGIIVSDNX3OM4YHPHKQ,1385516124000,0,True,NEGATIVE,61348
5,Convenient,They were given to the workers at a nonprofit for Christmas.,[],B07GTM8YBY,B07KK31S7L,AFFHHBHGQ5TLQ7MGLA4235AEDKTQ,1640915729357,0,True,POSITIVE,61765
5,Convenience,Easy,[],B00IX1I3G6,B00IX1I3G6,AERZ7BUINVC6IKIEPJ3G2M3UUT3A,1568695816280,0,True,POSITIVE,113069
5,Cute Box,Very cute gift box.,[],B01C9MW8Z6,B00JFBLZ90,AGWZRBKXVCJLDYSU4X2THGNG2ORQ,1636935809972,0,True,POSITIVE,6263
3,Can’t be used online,Can’t be used online such at AE. You have go into store. Never bought if knew this.,[],B08DJ4KKFF,B07JMV25V6,AE36VMRWPQQNVOHUSNVLAZJKNXLA,1670799719843,1,True,NEUTRAL,128122
3,Descret shipping cane in a brown box in another brown ...,Descret shipping cane in a brown box in another brown box. Fast shipping also got less then a week. Smaller then expected. Hard to handle. Feels realistic. Came with everything.,[],B00IX1I3G6,B00IX1I3G6,AFLROFN5E27BNN2TKY7AKYTN4ZUQ,1523493786411,0,True,NEUTRAL,130367
3,I was finely able to reload and I got my ...,"I was finely able to reload and I got my balance quickly, however in the past it was a lot easier to reload.",[],B00IX1I3G6,B00IX1I3G6,AEOJNBLN4COAQUDCJPCG7NJG44VA,1463864761000,1,True,NEUTRAL,132231
1,Disappointing for Father’s Day,I used the gift option with a whole paragraph typed out for Father’s Day & just recently found out it was literally just the card with No note nor any of the names in or on the box from his grandchildren! Very Disappointing & will not be purchasing a gift card from Amazon again.,[],B01C9P3EGU,B077N4CNVJ,AEY5HHWOXVZL3STC44P4AL477PXA,1592624440749,1,False,NEGATIVE,91257
1,Tricky part is withdrawal of fund,"It's easy to relaod, But impossible to withdraw....",[],B00IX1I3G6,B00IX1I3G6,AH65WG3PIU2LDLEX2IEXDABHHFIA,1521639788546,0,True,NEGATIVE,148003
1,I expected better,The gift card had a big tear on the back side. It was like that enclosed in a plastic wrap. Very embarrassing since I only saw it shortly before having to give out the gift card.,[],B07FKK8SFR,B07FKK8SFR,AELJI2JT44JU3F2O6EA6YZ5R4Z3A,1561137145912,2,True,NEGATIVE,36565
3,ok,ok,[],B00IX1I3G6,B00IX1I3G6,AG222EMOC43YAM2QYNGW2ZP7OHVA,1497573751617,0,True,NEUTRAL,24310
5,The perfect Amazon,The perfect Amazon,[],B01K8RL9C2,B018F4H5DM,AFOC37VKJ5OYM5CBNAXMK5XNUSYQ,1607014232631,0,True,POSITIVE,114058
3,Damaged,"Pretty disappointed, the box came totally beat up. I'm a little embarrassed to give it as a wedding present so I'll probably end up taking it out of the box which was the whole point of ordering this. I'm glad I didn't pay extra for the box but I expected more.","[{'small_image_url': 'https://images-na.ssl-images-amazon.com/images/I/91HiF1lrbNL._SL256_.jpg', 'medium_image_url': 'https://images-na.ssl-images-amazon.com/images/I/91HiF1lrbNL._SL800_.jpg', 'large_image_url': 'https://images-na.ssl-images-amazon.com/images/I/91HiF1lrbNL._SL1600_.jpg', 'attachment_type': 'IMAGE'}, {'small_image_url': 'https://images-na.ssl-images-amazon.com/images/I/A1WgEKWDhvL._SL256_.jpg', 'medium_image_url': 'https://images-na.ssl-images-amazon.com/images/I/A1WgEKWDhvL._SL800_.jpg', 'large_image_url': 'https://images-na.ssl-images-amazon.com/images/I/A1WgEKWDhvL._SL1600_.jpg', 'attachment_type': 'IMAGE'}]",B06ZYZ1TKK,B073VBZM8J,AECGJ422BCVZNHNIA4DWVX4ABJPA,1620867567670,1,True,NEUTRAL,98652
1,Watch what it's used for,These cards were used to scam money from my Credit Union Account!,[],B00IX1I3G6,B00IX1I3G6,AHKIKV3MH643PDYVYUSQ4XSANUYQ,1565942636020,1,True,NEGATIVE,148152
5,Five Stars,Amazon is the best!,[],B014S24B28,B018F4M89S,AEA2ZW3A4O72OYTOGGUIIXO7W7NQ,1484515106000,0,True,POSITIVE,137057
5,Five Stars,glad this is now an option,[],B00IX1I3G6,B00IX1I3G6,AGSE2IS57K5WZ2RAPIN6TBFSBONQ,1489696132000,0,True,POSITIVE,15416
1,Cards send without activation,"The cards are probably great, but they were sent to me WITHOUT being activated!!  This was especially troublesome as I gave them as a gift and the beneficiary didn't find out they were not activated until they got to the cash register and the cards were denied.",[],B00DWIH8HU,B00DWIH5VY,AGUVL2AJX7K5UTVEPTVJ74QIKSMA,1502855842548,1,True,NEGATIVE,69855
5,Great gift item,Great gift item,[],B071DTXNHG,B00ADR2LV6,AE45ZIWDCMPQXEDGVFY3RCUVULGA,1552240240532,0,True,POSITIVE,24753
1,gift,gift card was not included. Refund is supposed to be issued,[],B01C9MW8Z6,B00JFBLZ90,AGFUYJEZX4VXKZX3DGMH2WSUED4A,1597244043451,1,False,NEGATIVE,25335
5,Excellent!,Excellent!,[],B086KKT3RX,B086KKT3RX,AH3WGNXZZ2CJMZRINXT6EPAPGIKA,1652721999876,0,True,POSITIVE,82547
3,It’s a gift card,Not much to review here,[],B086KKT3RX,B086KKT3RX,AFBNFMUYOC4D5SQE6ETFVUTVIJRA,1682969765856,0,True,NEUTRAL,133196
1,clickbait scam,clickbait scam,[],B00IX1I3G6,B00IX1I3G6,AGVMOV2LPERRXJCKG66WRPZ32KTQ,1466443238000,0,True,NEGATIVE,42553
5,nice,nice,[],B00IX1I3G6,B00IX1I3G6,AEB7VV4BNAS4AK55H6OF6A7MCBLQ,1594769874894,0,True,POSITIVE,121903
1,Doesn't work,Doesn't work at walmart's or target or gas station. Never agian,[],B01MSBQB1P,B01MSBQB1P,AFJ6D4GJJT2MCUK7UERL4E45ZETA,1549072268282,1,True,NEGATIVE,111647
1,I was very disappointed because I did not know it would cost so ...,I was very disappointed because I did not know it would cost so much to get them programmed. $80.00 for both of them. Needless to say they are sitting in a drawer.,[],B00IX1I3G6,B00IX1I3G6,AFL2OQJTFC43QSCNPYHMJNAVQPCA,1515884729279,0,True,NEGATIVE,134956
1,Never got my bonus,I was told that if I loaded $100 onto the car they reload it with an extra 10 or 20 I’m not sure what it was but it was until after I already loaded the card that it said must be a first time customer that should I put in a bright print in the beginning I would never loaded the car with my frozen anything for you guys use my card like I always do,[],B00IX1I3G6,B00IX1I3G6,AHQFMXSISTPZVKFHZG6DREAVYMEQ,1630027814498,0,True,NEGATIVE,51207
5,Five Stars,"Very easy to get, nice way to use a prepaid card that I got as a rebate.",[],B00IX1I3G6,B00IX1I3G6,AH6KDCHF7AJ7HC2YRKBYHGLBTZEA,1521919565779,0,True,POSITIVE,60684
1,Easy to load,I have reloaded my card twice and the second time I never got the $10 credit for reloading my card.....<br />Cannot purchase gift cards,[],B00IX1I3G6,B00IX1I3G6,AH77DQXHBWZ3A4QPTRZCU3LN76VQ,1616960933912,0,True,NEGATIVE,33464
1,I need help?!?,I ordered 2 gift cards at the same time but they didn't mark which one for $50 and which one for $25,[],B01C9P3EGU,B077N4CNVJ,AG4KU5OXV3ZHCJO3FPTS7VAB4TFQ,1481738595000,1,False,NEGATIVE,136466
1,This is a scam,Bought 4 gift cards and they say 0 value. Wtf,[],B07FK7L976,B00ADR2LV6,AE5VM7I34CZMYY35ZH6IY2VMLMRA,1640443990562,2,True,NEGATIVE,64837
3,Beware you may not get the design you ordered.,"If it’s important to you to receive a particular design (i.e. nativity scene) you need to state that you do not want a substitution. Otherwise, they’ll send whatever they want. Kudos to Amazon though for at least refunding my money after sending me a design I didn’t want for a Christmas gift.",[],B01KII4XSS,B01KII4XSS,AHYHBSO5MZFKASCARQYHTDJKSESQ,1544740215610,0,True,NEUTRAL,81231
5,I like when the picture on the front of the gift ...,I like when the picture on the front of the gift card matches the picture on the front of the greeting card.,[],B005ISQ62U,BT00CTOUNS,AHU4XOUCBZ44K7LOGE5HNAYVYYIQ,1453487476000,0,True,POSITIVE,138797
3,The reason for three stars is simply because it was ...,"The reason for three stars is simply because it was a promotion to order this card on the Echo, and receive a discount on my next order, and it turned out to be nothing but trouble to even try and get the discount to work.",[],B0160LI5T0,B0160LI5T0,AGUPA23E7O4ZRCRSPAXFGUOPCABQ,1496787584000,1,True,NEUTRAL,39672
3,Reload,"If I want to buy something,the money is there.Very convenient.",[],B00IX1I3G6,B00IX1I3G6,AHAJQYH5XJ4WSAJM2U2SWKLNWIHQ,1427408524000,1,True,NEUTRAL,121289
1,Buyer Beware.,Purchased this for my parents as part of a Christmas gift last year. Mom told me just recently that when they wanted to use it they discovered it had never been activated. I will not purchase any of these gift cards online again.,[],B00BXLU87U,B00BXLU87U,AGG5EO7EDKIY2XQFAJTFIHI6XA2A,1565551471205,0,True,NEGATIVE,86396
5,Excellent,Excellent gift for a graduate.<br />Thank-you Amazon<br />Essani,[],B005ESMHN6,B005ESMHN6,AE2AVDXTWPUY5AIZ7R3XNL6DVR2A,1466308640000,0,True,POSITIVE,126366
1,Card had no balance upon receipt!!  Embarrassing! N,Card did not have a balance when received.  Birthday recepient went to use and was embarrassed.  Don’t buy this specific card from here.  You may get one with no balance and if you call to get a replacement you will be told you need to use within one day.  Had to get a refund but damage was done.,[],B00BXLUXYS,B00BXLUX0C,AGWMWQLAIQ2INWT66ESMKD5KZPCQ,1520749001891,1,False,NEGATIVE,148000
1,DO NOT BUY,Do not buy gift cards from Amazon! This gift card got hacked and it is the biggest hassle trying to get the money back!!!!,[],B01B25LC7Q,B01B3DYSF0,AFWUE3BIWSBVRPCKKGDCWKWWUOXQ,1497882704503,0,False,NEGATIVE,126687
1,Came damaged,"I ordered two of these adorable gift cards for two of my children for Easter.  One came perfect and the egg expanded and revealed the chick with gift card and it was so cute.  The other came folded, crushed and when you pulled the egg to display the gift card the top of the egg came off and even the gift card was bent.  I know the card still works but the whole idea was the cute egg and I had to choose a child to get a crushed, mangled gift card while the other child got a cute easter egg that opened to reveal a gift card.  Possibly should work on shipping these in a sturdy envelope or box rather than a thin bag where the card can get damaged.","[{'small_image_url': 'https://m.media-amazon.com/images/I/71S8VX9+uuL._SL256_.jpg', 'medium_image_url': 'https://m.media-amazon.com/images/I/71S8VX9+uuL._SL800_.jpg', 'large_image_url': 'https://m.media-amazon.com/images/I/71S8VX9+uuL._SL1600_.jpg', 'attachment_type': 'IMAGE'}, {'small_image_url': 'https://m.media-amazon.com/images/I/81QhBVE5hGL._SL256_.jpg', 'medium_image_url': 'https://m.media-amazon.com/images/I/81QhBVE5hGL._SL800_.jpg', 'large_image_url': 'https://m.media-amazon.com/images/I/81QhBVE5hGL._SL1600_.jpg', 'attachment_type': 'IMAGE'}]",B08621FWD3,B0BT85F69N,AFDMHUHTDPYZGJQMIJ6M3RUPVIPA,1650290718150,0,True,NEGATIVE,106500
2,I'm glad I did not give this card away as a ...,"I'm glad I did not give this card away as a gift because I would be embarrassed to find out that it did not work for the recipient when it was supposed to. I've called the phone number on the back of the card and it is activated and contains the appropriate balance. The card, however, did not read and was neither &#34;accepted or declined&#34;, as the manager was telling me this.<br /><br />I've gone to the company that operates the card and it referenced that any redemption issues should notify the retailer that issued the card. So now I wait to find out how I can use my card with a balance but cannot be read and processed.",[],B00JJ59UA8,B00JJ59RZQ,AFGI6AD577EQXY4RFDYT3RJRSMCA,1437411112000,8,True,NEGATIVE,95228
1,Gift card was NOT sent,"I bought what I thought was a $15 gift card but only received the flower card holder, and of course all I can do is write a review. Everything keeps telling me no returns on this item",[],B01IE42ST4,B0BT85F69N,AG4JEGY5DLXLFYT5ENGUNXFCC57Q,1654029448794,0,True,NEGATIVE,55148
3,Everything OK,no problems,[],B0091JL1I6,B077N4CNVJ,AHASC36TVWSSPBZSJSCMEO3HO5OA,1488213690000,0,True,NEUTRAL,136434
3,split decision.,"Just an FYI, I ordered 2 gift cards. One was received in pristine condition. The other was not wrapped in plastic, crinkled and a little torn.  Disappointed. Not the best gift presentation.",[],B01E4QR1HK,B018F4M89S,AGR6MWEKQXIMH53KBFV5CLNROBEQ,1571088814975,0,True,NEUTRAL,108082
1,Scam !!!!!DON'T BUY,when I activated the card today someone had already used it and used all 100 dollars to send it to someone else paypal. I called the mastercard customer service and they are investigating it.,[],B07GH7JZ91,B07GH7JZ91,AETUIAI4ZFYAHIEKDI5MJYQYO36A,1627255593401,2,True,NEGATIVE,144607
3,$10 promotion,"I love Amazon, and order from here all the time.  I was offered a $10 promotion if I purchased at least $50 in gift cards, but I have yet to receive the promotional code to use.",[],B001H53QDK,B001H53QDK,AFBP3JY5GSR2JR666JILF65X2VVQ,1383138397000,2,True,NEUTRAL,138028
3,Mangled tin!,The tin was so mangled I could not bend it back into shape to completely close.  I had to apologize to the recipient that it looked used!,[],B01C9MW8Z6,B00JFBLZ90,AH7A3RTE4H7MFRRPGGJWOEMYGXOQ,1582741659681,0,True,NEUTRAL,112453
5,Covenient,My grand children love these!,[],B0725JBZT1,B018Y7OGRI,AHLQM7F2ZHMPXGV3VZN77R5ZLB3A,1673638136439,0,True,POSITIVE,33148
3,Kid,Cute package,[],B071VCQJ24,B018F4M89S,AGNPCVYICUFN5SRTNGUHLR2MTJKA,1545507718849,0,True,NEUTRAL,83867
5,Amazon is a drug loll,Like a little bank account just there for you.  Good to set a spending limit for crazy shoppers like me.  Lol,[],B00IX1I3G6,B00IX1I3G6,AF4SIFDXCS7X53PBNY7WIE2E3XVQ,1571030858862,0,True,POSITIVE,85832
1,Not received per tracking,Recipient has not received gift cards per tracking,[],B01MSBQB1P,B01MSBQB1P,AFSVVLJIKRDEBHGVFVV65IAS7I5Q,1576862731102,1,True,NEGATIVE,63322
1,"Bought this for my daughter, but Spotify wouldn't accept ...","Bought this for my daughter, but Spotify wouldn't accept it because she's on a &#34;student&#34; plan.  Since when is $60 not worth $60?  DO NOT BUY this for your student.",[],B07676649S,B00G3LBCO8,AGCTOJOAI7WEIHROXUMXS6NZRSOA,1515590939052,3,True,NEGATIVE,147866
1,Card was no good thank a lot,You never active it so I have  someone a gift that wasn’t any good. Do you have any idea how embarrassing that was,[],B00OOKDO4Q,B00OOKDO4Q,AHT3FT6QE77AGL62QZLXSRZJAYSA,1579662340503,0,True,NEGATIVE,8935
1,reloading gift card,It now shows that the balance on my gift card is ZERO!!!  Does not show that I transferred $100 to it (plus the $10 for reloading).  Crap!!!,[],B00IX1I3G6,B00IX1I3G6,AFGCMQO5KBNLIWC2W3GBMREPURGQ,1578540852878,0,True,NEGATIVE,75459
1,Deceptive,Only applied to the first $100. Was presented as a one-time offer and presented $100-$500 dollar options in $100 increments. Was not possible to reverse the extra $400 I spent. Problem was resolved via credit to my account. I had to leave a bad review because it was a waste of my time. I'll eventually use up the credits I bought.,[],B00IX1I3G6,B00IX1I3G6,AER6Z2CCMLAJGG2E6KEW4XVTHIDQ,1482542779000,2,True,NEGATIVE,133832
3,Cute but tin was dented,The tin is adorable but sadly the lid was dented right down the middle. I doubt the birthday girl noticed though.,[],B01C9MW8Z6,B00JFBLZ90,AFGN5XUFAFHM332S7CUY3562LT7Q,1525146090500,0,True,NEUTRAL,98577
5,I like Amazon re-load,I like Amazon re-load. I like that its not hard to use.,[],B086KKT3RX,B086KKT3RX,AEPWHTXYN7ATNTEM6JEH34LKKGPQ,1639616437380,0,True,POSITIVE,151303
5,Perfect Gift,Always good when you don't know what to send.,[],B01LXGGQXW,B078GWV31Z,AHLFQICIG76UVB3CBILLTXFK2NTQ,1641765754907,0,True,POSITIVE,136942
3,Discrete,Serves it’s purpose,[],B071VCQJ24,B018F4M89S,AHNUNFCE65SD6N7FE7LR7GS2Z4WQ,1580525773459,0,True,NEUTRAL,14334
1,Be aware.,Once you add money to these cards you can only use them for Amazon purchase you can’t get a refund at all.,[],B086KKT3RX,B086KKT3RX,AEBC4FR4L6UGEK7BZRZP4Q5HKFTQ,1673633637071,0,True,NEGATIVE,123150
3,gift card,"a little disappointed as I received an email indicating that I would get $10 when I purchased this gift card, once purchased though, I was told I was not eligible",[],B01C9MW8Z6,B00JFBLZ90,AHS2K4LP5B37ZIWXOCQMMVKJ3Z6A,1597428783839,5,True,NEUTRAL,77784
5,Cute way to give a card but would love a way to display!,Such a cute way to give a gift card!  Not a lot of room to write on the card area but still super cute!  Too bad it doesn’t have a little “stand” on the back to display the flower pot!,[],B01IE42ST4,B0BT85F69N,AHETCMTEXZWL3CPRESIG3BBORCMQ,1613416152607,1,True,POSITIVE,14011
1,Terrible,"As a long time Amazon.com customer, a gift card seemed like a good purchase. I am just trying to purchase a card to have e-mailed. I basically wanted to convert a Visa debit gift card into an Amazon.com gift card. I put the amount of the card in, the number and expiration date. Amazon accepted it as payment, but after hours of not receiving a confirmation e-mail I checked the site to see what was going on. The site claimed they could not confirm the payment, yet they had already taken money off the Visa gift card. I contacted customer service who told me a Visa gift card is not the best way to purchase an Amazon gift card and they would refund the money to the Visa gift card. I then put in another order using my Amazon.com credit card. A card I have used thousands of times before and never had a problem. This time, I received the same message I got when using the Visa gift card. I contacted Customer Service again. The first person I spoke to told me I had a ""Block"" on the account. She could not tell me why that was there, and she informed me she could remove it immediately. This claim brought me some concern so I asked to speak with her manager to find out the reason  a ""Block"" had been placed. The manager claimed there was no ""Block"" on the card and the sale should have gone through fine. So, I again went back and checked on the sale. Again there was a message that it could not be paid using the payment option I had selected. I called back again and told them to cancel the sale. This is extremely disappointing to me, as I have felt for quite some time that Amazon was one of the last customer service oriented sellers around. I guess they too have been pushed to the ""Make money, screw the customer"" attitude this country has been forced into with our economic situation. A trusted company has gone down the drains. I hope to see you come back to your original ideals some day Amazon.",[],B001GXRQW0,B001GXRQW0,AFYJ4Z6LJNFRL6USN7VII44NMYKQ,1231183475000,24,False,NEGATIVE,45527
5,The way it looks!!,"I wanted a gift card for my cousins daughter for graduating High School, and becoming a EMT, and getting a job at same time! This gift card was in a smart looking black box with a bow on it instead of looking like every gift card you can buy. It looked special to receive instead of the usual ones you find. Highly recommended!!!",[],B072BQ7XSH,B072BQ7XSH,AFAVLVY2MX7WFS4UIC2CHH2MTQHA,1572032472554,0,True,POSITIVE,86304
3,Not happy,Not of much use,[],B00IX1I3G6,B00IX1I3G6,AGHQBMEV3PWFXXAOXNFSXER6J5BQ,1597697589366,0,True,NEUTRAL,105305
3,Love convenice hate that I have to enter my credit ...,Love convenice hate that I have to enter my credit card number every time even if it's already on file!,[],B00IX1I3G6,B00IX1I3G6,AHQKDF3E54PPOATMTFTQGKN55GZQ,1441927760000,1,True,NEUTRAL,100907
5,"Charged my credit card, went onto the gift card, got my $10 bonus","Took a few minutes online. It's a card, so easy to gift. Reloading doesn't come in a package, so . . .",[],B00IX1I3G6,B00IX1I3G6,AHHOBD25QZI4SFUEZTNFK6GIEOBA,1615002886899,0,True,POSITIVE,48743
5,Clever presentation,I was so surprised to see the clever way the gift card was packaged!  So was the recipient!,[],B0091JKY0M,B0091JKY0M,AEX5J6RYANCR5QSSIH2VFFRE7A4Q,1453489398000,0,True,POSITIVE,73247
2,Hard to use,Hard to use,[],B07HJHK8Y5,B07HJHK8Y5,AHT5HGKME4UPT44UE6UTYK375JXA,1646429849893,0,True,NEGATIVE,80014
5,Who doesn't like gift cards,It is what it says it is and it works like it says it will.,[],B07SW1W8SD,B071X4ZX3X,AHHXBOCRUV6T4U45QWQUNXQWXGSA,1577630809433,0,True,POSITIVE,73103
5,Five Stars,muy bueno,[],B00IX1I3G6,B00IX1I3G6,AG3WCGHA4DJ4EVC3LJGLIZLFW45Q,1424900714000,0,True,POSITIVE,133028
1,beware of use for gift card,Bought it for magazines on kindle and found out can not use it for that you should be told it has limited uses,[],B005ISQ69I,BT00CTOUNS,AHKJI6NSQT7FVDBSCYW4CC3RLYEA,1389273201000,12,True,NEGATIVE,126133
1,Not activated scam!!,Horrible card not activated. Had to sit on hold still not resolved. Amazon acted as if they didn’t know what I was talking about. Smh,[],B07GH7JZ91,B07GH7JZ91,AGRG7OLCZGQLCOLAE53SZND2UDNQ,1618622779262,3,False,NEGATIVE,144554
3,dont uderstand,why would i reload if i get no perks for doing so,[],B00IX1I3G6,B00IX1I3G6,AFC6XF4WGLRNX3JHTXWOSX3JKD4Q,1588871125178,0,True,NEUTRAL,33494
5,As advertised,Was a gift but it came quickly and as advertised.,[],B005ESMJPM,B005ESMJPM,AH2ERUXMUQSBCENAYN7I6VD7DEKA,1546266196311,4,True,POSITIVE,119312
5,"Nice packaging, easy to use","The box that this card comes in is pretty cool. Also, Amazon gift cards never expire and are super easy to use!",[],B0080IR6RY,B077N4CNVJ,AE6ZXG5GRKOQRLJJ7UYIG7ZCZ64A,1371999180000,0,True,POSITIVE,59339
