_eval_key,rating,title,text,actual,predicted,confidence,reason,emotion_llm,emotion_nrc,nrc_scores,error
77360,3,Three Stars,could make it a little easier........,NEUTRAL,NEUTRAL,low,"The three-star rating and mild complaint that it could be easier suggest slight dissatisfaction, but the tone is too restrained to be clearly negative.",anger,neutral,"{'anger': 0, 'anticipation': 0, 'disgust': 0, 'fear': 0, 'joy': 0, 'sadness': 0, 'surprise': 0, 'trust': 0}",
17240,5,Needed to get some thing small  surprise my neighbor for helping me,Perfect,POSITIVE,POSITIVE,medium,"The word 'Perfect' clearly expresses satisfaction with the purchase, and the title shows a positive intent to surprise a neighbor.",joy,anticipation,"{'anger': 0, 'anticipation': 2, 'disgust': 0, 'fear': 1, 'joy': 2, 'sadness': 0, 'surprise': 1, 'trust': 2}",
44420,2,Waste of money,Amazon sucks,NEGATIVE,NEGATIVE,high,The title 'Waste of money' and body 'Amazon sucks' both express clear dissatisfaction and frustration.,anger,anger,"{'anger': 1, 'anticipation': 1, 'disgust': 1, 'fear': 0, 'joy': 1, 'sadness': 0, 'surprise': 1, 'trust': 1}",
78124,1,Ripped off,There was a link for this online that said I would get a $20 discount for spending $50 and it never gave me the discount.,NEGATIVE,NEGATIVE,high,"The reviewer feels cheated by a promised discount that never applied, with the title 'Ripped off' clearly expressing anger.",anger,neutral,"{'anger': 0, 'anticipation': 0, 'disgust': 0, 'fear': 0, 'joy': 0, 'sadness': 0, 'surprise': 0, 'trust': 0}",
33943,5,Great that it comes with a box!,I always like to package my gift card with something else so it doesn’t get lost. The box that this comes with is perfect! Love the bright color.,POSITIVE,POSITIVE,high,The reviewer expresses clear satisfaction and delight with the included box and its bright color.,joy,joy,"{'anger': 0, 'anticipation': 2, 'disgust': 0, 'fear': 0, 'joy': 3, 'sadness': 1, 'surprise': 1, 'trust': 1}",
58021,3,Credit for refilling was not awarded.,"This is the second time I've 'reloaded' the card, and did not get the 'bonus' amount for reloading.  It's still easy to use. and helps keep track of spending.",NEUTRAL,NEGATIVE,medium,"The main complaint is the missing reload bonus for the second time, which overshadows the brief positive note that the card is easy to use.",anger,anticipation,"{'anger': 0, 'anticipation': 2, 'disgust': 0, 'fear': 0, 'joy': 0, 'sadness': 0, 'surprise': 0, 'trust': 1}",
131421,5,Five Stars,great,POSITIVE,POSITIVE,high,The title 'Five Stars' and the word 'great' clearly express satisfaction and approval.,joy,neutral,"{'anger': 0, 'anticipation': 0, 'disgust': 0, 'fear': 0, 'joy': 0, 'sadness': 0, 'surprise': 0, 'trust': 0}",
94853,3,you have to pay a fee in order to buy a visa gift card,having to pay a 3.95 fee and when i add prime i had to pay 12.99 for the month but only received a refund of 1/2 back.  all of these fees and charges are rediculous. thanks,NEUTRAL,NEGATIVE,high,"The reviewer complains about unexpected fees and a partial refund, calling the charges 'rediculous,' which clearly expresses frustration and anger.",anger,anticipation,"{'anger': 2, 'anticipation': 4, 'disgust': 0, 'fear': 0, 'joy': 4, 'sadness': 0, 'surprise': 1, 'trust': 3}",
46157,1,"Cover of the card looks like it was on a dirty floor, stepped on, bent & old. It Looks disgraceful!","I am shocked at the condition this gift card came in and I need to mail it out of state for Christmas. The cover of the card looks old and as if it had been laying on a dirty floor, stepped on, bent corners on the cardboard and it looks like it's very old, as even the white of the card cover is discolored. I am not pleased at all and so embarrassed to send this as a gift. I have never had this experience with any gift card order through Amazon.",NEGATIVE,NEGATIVE,high,"The reviewer is repulsed and embarrassed by the dirty, bent, discolored condition of the gift card, clearly expressing strong dissatisfaction.",disgust,anticipation,"{'anger': 1, 'anticipation': 4, 'disgust': 4, 'fear': 0, 'joy': 4, 'sadness': 1, 'surprise': 3, 'trust': 3}",
12665,3,Easy to use.,Easy to use. Don’t like the extra fees.<br />Not necessary,NEUTRAL,NEGATIVE,medium,"The review praises ease of use but clearly disapproves of extra fees and calls them unnecessary, making the overall stance negative.",anger,trust,"{'anger': 0, 'anticipation': 0, 'disgust': 0, 'fear': 0, 'joy': 0, 'sadness': 0, 'surprise': 0, 'trust': 1}",
94216,5,Five Stars,easier then a big bank statement,POSITIVE,POSITIVE,medium,"The title 'Five Stars' and the body's positive comparison to a bank statement indicate satisfaction and approval, with a tone of relief or contentment.",joy,trust,"{'anger': 0, 'anticipation': 0, 'disgust': 0, 'fear': 0, 'joy': 0, 'sadness': 0, 'surprise': 0, 'trust': 2}",
97753,1,appearance,was going to give away the container  with the gift card inside. But the container is severely damaged not by mail either. it was smashed badly around the edges. it's metal!! a big disappointment. but will keep it anyway just have to give the card away not the container!!  that was what she loved about the container how pretty it was!!,NEGATIVE,NEGATIVE,high,"The reviewer expresses clear disappointment that the metal container arrived severely damaged, ruining the gift presentation.",sadness,anticipation,"{'anger': 0, 'anticipation': 3, 'disgust': 1, 'fear': 0, 'joy': 2, 'sadness': 2, 'surprise': 1, 'trust': 1}",
52005,3,It does what it does,"Nothing exciting to say about this one. It does what it does, and it does it well.",NEUTRAL,POSITIVE,medium,"The review is understated but affirms the product works well, conveying mild satisfaction and reliability rather than strong emotion.",trust,anticipation,"{'anger': 0, 'anticipation': 1, 'disgust': 0, 'fear': 0, 'joy': 1, 'sadness': 0, 'surprise': 1, 'trust': 0}",
8834,5,Great,Great gift,POSITIVE,POSITIVE,high,"The reviewer expresses clear satisfaction and approval with the words 'Great' and 'Great gift', indicating a positive sentiment and a joyful tone.",joy,anticipation,"{'anger': 0, 'anticipation': 1, 'disgust': 0, 'fear': 0, 'joy': 1, 'sadness': 0, 'surprise': 1, 'trust': 0}",
113973,1,Lack of message meant confusion for recipient,Lack of personal message capability meant the receiver did not know who sent the gift card.,NEGATIVE,NEGATIVE,medium,"The review highlights a flaw that caused confusion for the recipient, expressing clear dissatisfaction with the gift card's lack of a personal message feature.",anger,anticipation,"{'anger': 1, 'anticipation': 2, 'disgust': 0, 'fear': 1, 'joy': 1, 'sadness': 0, 'surprise': 1, 'trust': 1}",
123078,3,Good experience but higher currency conversion rate,currency conversion rate was much higher than published bank rates,NEUTRAL,NEGATIVE,medium,"The body focuses on the negative issue of a much higher currency conversion rate, which outweighs the title's positive 'good experience' and indicates dissatisfaction.",anger,trust,"{'anger': 0, 'anticipation': 1, 'disgust': 0, 'fear': 0, 'joy': 1, 'sadness': 0, 'surprise': 1, 'trust': 2}",
134935,3,Three Stars,Ok,NEUTRAL,NEUTRAL,low,"The terse 'Ok' and three-star rating convey a middling, unenthusiastic acceptance without strong positive or negative feeling.",trust,neutral,"{'anger': 0, 'anticipation': 0, 'disgust': 0, 'fear': 0, 'joy': 0, 'sadness': 0, 'surprise': 0, 'trust': 0}",
41177,5,"Super easy to use. Handy, no problems",This was So handy! I used it for myself for Amazon purchases. Received a small credit for reloading....,POSITIVE,POSITIVE,high,The reviewer expresses clear satisfaction and enthusiasm about the product's ease of use and the bonus credit.,joy,trust,"{'anger': 0, 'anticipation': 0, 'disgust': 0, 'fear': 0, 'joy': 0, 'sadness': 0, 'surprise': 0, 'trust': 1}",
77080,5,Reload,It worked,POSITIVE,POSITIVE,low,"The statement 'It worked' indicates the product functioned as expected, conveying satisfaction, though the brevity makes the emotional intensity unclear.",joy,neutral,"{'anger': 0, 'anticipation': 0, 'disgust': 0, 'fear': 0, 'joy': 0, 'sadness': 0, 'surprise': 0, 'trust': 0}",
32587,5,Adorable Santa Containers,"I usually send email gift certificates, but decided to hand these out this past Christmas.  My family loved them, and they thought the containers were adorable.",POSITIVE,POSITIVE,high,The reviewer expresses satisfaction and delight that their family loved the adorable containers.,joy,joy,"{'anger': 0, 'anticipation': 2, 'disgust': 0, 'fear': 0, 'joy': 3, 'sadness': 0, 'surprise': 1, 'trust': 0}",
7383,3,A good idea...if the tin makes it intact,Easy purchase for a gift...but the tin came all smashed. Not a very nice presentation. Disappointing.,NEUTRAL,NEGATIVE,high,"The reviewer is clearly disappointed because the gift tin arrived smashed, ruining the presentation despite the easy purchase.",sadness,anticipation,"{'anger': 0, 'anticipation': 2, 'disgust': 0, 'fear': 0, 'joy': 2, 'sadness': 1, 'surprise': 2, 'trust': 2}",
113233,5,Five Stars,Such a cute TIN!,POSITIVE,POSITIVE,high,The reviewer expresses clear delight with 'Such a cute TIN!' and the five-star title reinforces a positive sentiment.,joy,neutral,"{'anger': 0, 'anticipation': 0, 'disgust': 0, 'fear': 0, 'joy': 0, 'sadness': 0, 'surprise': 0, 'trust': 0}",
68236,1,Came dented,"Came dented & card was bent inside, terrible! Makes it look like I recycled it!!",NEGATIVE,NEGATIVE,high,"The reviewer is clearly upset and frustrated that the item arrived dented with a bent card, calling it 'terrible'.",anger,anger,"{'anger': 1, 'anticipation': 0, 'disgust': 1, 'fear': 1, 'joy': 0, 'sadness': 1, 'surprise': 0, 'trust': 0}",
53009,3,Great to have on hand if you need something,I used it for my motorcycle. It's good and easy to use,NEUTRAL,POSITIVE,high,"The reviewer expresses clear satisfaction with the product's usefulness and ease of use, indicating a positive but matter-of-fact endorsement.",trust,anticipation,"{'anger': 0, 'anticipation': 1, 'disgust': 0, 'fear': 0, 'joy': 1, 'sadness': 0, 'surprise': 1, 'trust': 1}",
132433,2,NEVER AGAIN!,"While I'm not your longest standing customer and certainly not your largest, I have been a very steady (and generally quite satisfied) customer of yours for well over 10 years.  This order has been the largest single purchase and, by far, the worst Amazon shopping experience EVER.<br /><br />Since last week I've been trying to take advantage of any available promotions on Amazon gift cards for our employees.  Not only did I have trouble reaching someone to ask questions and place an order, once I did, they were really no help at all and I was redirected back to the web.  So I placed the order on Thursday for delivery on Friday and must have edited the gift note sentiment at least 6 times in order to fall within the 240 character limit.  We did NOT receive the cards on Friday or Saturday; as a matter of fact, if we hadn't driven to the UPS depot last night (Monday) we still wouldn't have them.  After opening the package, there was no indication as to whose they were (after carefully complying with the instructions to indicate this) or what the value of the cards were (at least from the outside envelope) and there were no gift notes on any of them!  Talk about ""no good deed goes unpunished""!<br /><br />I was attempting to (at least slightly) personalize this gift but ended up feeling like I'd just left a warehouse store with a bulk purchase of gift cards...which is exactly what I'll do next time; at least then I'll know what to expect.  NEVER AGAIN!",NEGATIVE,NEGATIVE,high,"The reviewer expresses strong frustration and outrage over a failed gift card order, calling it the worst experience ever and vowing never again.",anger,anticipation,"{'anger': 1, 'anticipation': 13, 'disgust': 1, 'fear': 1, 'joy': 9, 'sadness': 2, 'surprise': 10, 'trust': 8}",
51598,3,Good product.,Easy gift.,NEUTRAL,POSITIVE,medium,"The title 'Good product' and body 'Easy gift' convey clear satisfaction and a positive, pleasant tone.",joy,anticipation,"{'anger': 0, 'anticipation': 2, 'disgust': 0, 'fear': 0, 'joy': 2, 'sadness': 0, 'surprise': 2, 'trust': 1}",
123045,3,Valid only in US,It is only valid in US which makes it hard to use if you live abroad,NEUTRAL,NEGATIVE,high,The reviewer clearly expresses dissatisfaction that the product's US-only validity makes it difficult to use abroad.,anger,neutral,"{'anger': 0, 'anticipation': 0, 'disgust': 0, 'fear': 0, 'joy': 0, 'sadness': 0, 'surprise': 0, 'trust': 0}",
58020,5,Gift,Easter basket card perfect gift for grown kids who still want Easter basket.,POSITIVE,POSITIVE,high,"The reviewer describes the card as a perfect gift, expressing clear satisfaction and delight.",joy,anticipation,"{'anger': 0, 'anticipation': 3, 'disgust': 0, 'fear': 0, 'joy': 3, 'sadness': 0, 'surprise': 2, 'trust': 1}",
51788,5,Def buy,Always get extra cash to spend,POSITIVE,POSITIVE,medium,The reviewer enthusiastically recommends buying and expresses satisfaction about getting extra cash to spend.,joy,anger,"{'anger': 1, 'anticipation': 1, 'disgust': 0, 'fear': 1, 'joy': 1, 'sadness': 0, 'surprise': 0, 'trust': 1}",
112372,5,Great gift card presentation,Great easy way to send a gift card.,POSITIVE,POSITIVE,high,"The reviewer clearly expresses satisfaction with the gift card presentation, calling it 'great' and 'easy'.",joy,anticipation,"{'anger': 0, 'anticipation': 2, 'disgust': 0, 'fear': 0, 'joy': 2, 'sadness': 0, 'surprise': 2, 'trust': 0}",
355,3,Hard to find,Hard to find on my card,NEUTRAL,NEGATIVE,medium,"The reviewer expresses frustration that the item is hard to locate on their card, indicating dissatisfaction.",anger,neutral,"{'anger': 0, 'anticipation': 0, 'disgust': 0, 'fear': 0, 'joy': 0, 'sadness': 0, 'surprise': 0, 'trust': 0}",
91707,5,Card for the wife,"My wife loves shopping on Amazon, so this is a no brainer for a gift for her.  Yes, she was very happy",POSITIVE,POSITIVE,high,"The reviewer expresses that the gift was a no-brainer and that his wife was very happy, clearly indicating satisfaction and joy.",joy,anticipation,"{'anger': 0, 'anticipation': 3, 'disgust': 0, 'fear': 0, 'joy': 3, 'sadness': 0, 'surprise': 2, 'trust': 2}",
145838,3,was for Christmas present,Need to fund out from person that  was given to and find out her experience and price needed if adequate,NEUTRAL,NEUTRAL,low,"The review is a factual, unresolved statement about needing to ask the gift recipient for feedback, with no clear positive or negative sentiment.",anticipation,anticipation,"{'anger': 0, 'anticipation': 1, 'disgust': 0, 'fear': 0, 'joy': 1, 'sadness': 0, 'surprise': 1, 'trust': 1}",
128137,5,a good gift card many options,"This is a very good gift card, easy to use with a lot of options.",POSITIVE,POSITIVE,high,"The reviewer clearly expresses satisfaction with the gift card, calling it 'very good' and 'easy to use' with many options.",joy,anticipation,"{'anger': 0, 'anticipation': 4, 'disgust': 0, 'fear': 0, 'joy': 4, 'sadness': 0, 'surprise': 4, 'trust': 2}",
132840,3,Why is there a purchase limit?,These are electronic cards printed on a piece of cardboard.  Why can't I buy more than 20?,NEUTRAL,NEGATIVE,medium,"The reviewer expresses frustration and annoyance about the purchase limit, questioning why they cannot buy more than 20.",anger,neutral,"{'anger': 0, 'anticipation': 0, 'disgust': 0, 'fear': 0, 'joy': 0, 'sadness': 0, 'surprise': 0, 'trust': 0}",
50735,5,Great Gift,Exactly as described.,POSITIVE,POSITIVE,high,The title 'Great Gift' and body 'Exactly as described' express clear satisfaction and delight with the purchase.,joy,anticipation,"{'anger': 0, 'anticipation': 1, 'disgust': 0, 'fear': 0, 'joy': 1, 'sadness': 0, 'surprise': 1, 'trust': 0}",
107136,3,Yeet,You should be able to use two different cards as a payment option,NEUTRAL,NEUTRAL,medium,"The body is a matter-of-fact suggestion for a feature, with no clear positive or negative tone, and the title 'Yeet' adds no sentiment.",anticipation,neutral,"{'anger': 0, 'anticipation': 0, 'disgust': 0, 'fear': 0, 'joy': 0, 'sadness': 0, 'surprise': 0, 'trust': 0}",
49557,5,Easy to use,Works great,POSITIVE,POSITIVE,high,The review clearly expresses satisfaction with the product's ease of use and performance.,joy,neutral,"{'anger': 0, 'anticipation': 0, 'disgust': 0, 'fear': 0, 'joy': 0, 'sadness': 0, 'surprise': 0, 'trust': 0}",
74664,1,Cheap looking,The card came damaged. It didn’t look like a flower gift card. Cheap looking,NEGATIVE,NEGATIVE,high,"The reviewer criticizes the card as damaged and cheap-looking, clearly expressing dissatisfaction with its quality.",disgust,anticipation,"{'anger': 0, 'anticipation': 1, 'disgust': 0, 'fear': 0, 'joy': 1, 'sadness': 0, 'surprise': 1, 'trust': 0}",
83069,5,No Issues,"Gave as a gift, without any problems.",POSITIVE,POSITIVE,high,"The reviewer reports the gift was given without any problems, indicating a favorable, trouble-free experience.",trust,anticipation,"{'anger': 0, 'anticipation': 1, 'disgust': 0, 'fear': 0, 'joy': 1, 'sadness': 0, 'surprise': 1, 'trust': 0}",
60065,3,The down side to these cards,"The cards can go up to 250.00, but you can only buy in $50.00 increments. I wanted $100.00, had to get 2 cards, and they shipped separately too",NEUTRAL,NEGATIVE,medium,"The reviewer focuses on the inconvenient purchasing limits and separate shipping, expressing clear dissatisfaction with the card's downside.",anger,neutral,"{'anger': 0, 'anticipation': 0, 'disgust': 0, 'fear': 0, 'joy': 0, 'sadness': 0, 'surprise': 0, 'trust': 0}",
110653,2,Couldn't use it to order online,Ok I guess,NEGATIVE,NEGATIVE,medium,"The title clearly states a functional failure, and the body's lukewarm 'Ok I guess' conveys disappointment rather than satisfaction.",sadness,surprise,"{'anger': 0, 'anticipation': 0, 'disgust': 0, 'fear': 0, 'joy': 0, 'sadness': 0, 'surprise': 1, 'trust': 0}",
62435,5,"It's great, of course","An Amazon gift card allows you to buy anything you could ever want. It is like giving money to somebody, except that person can buy directly from home with free shipping. There really is nothing bad about an Amazon gift card.",POSITIVE,POSITIVE,high,"The reviewer clearly praises the Amazon gift card as universally useful and sees no downside, expressing satisfaction and enthusiasm.",joy,anticipation,"{'anger': 2, 'anticipation': 3, 'disgust': 1, 'fear': 1, 'joy': 3, 'sadness': 1, 'surprise': 3, 'trust': 1}",
151937,3,I have been thoroughly satisfied with Amazon and it's products and services from jump street.,Convenient,NEUTRAL,POSITIVE,high,"The reviewer explicitly states thorough satisfaction and calls the experience convenient, indicating a positive stance and trust in Amazon's products and services.",trust,joy,"{'anger': 0, 'anticipation': 0, 'disgust': 0, 'fear': 0, 'joy': 2, 'sadness': 0, 'surprise': 0, 'trust': 0}",
137040,3,I think it is a good gift card,I think it is  a good gift card.,NEUTRAL,POSITIVE,high,"The reviewer clearly states the gift card is good, expressing a positive and trusting evaluation.",trust,anticipation,"{'anger': 0, 'anticipation': 4, 'disgust': 0, 'fear': 0, 'joy': 4, 'sadness': 0, 'surprise': 4, 'trust': 2}",
45756,5,Convenient,I used this as a part of a gift for secret Santa because it was in the person’s list. Very convenient.,POSITIVE,POSITIVE,high,"The reviewer expresses satisfaction that the product was convenient for a gift, clearly favorable.",joy,anticipation,"{'anger': 0, 'anticipation': 1, 'disgust': 0, 'fear': 0, 'joy': 1, 'sadness': 0, 'surprise': 1, 'trust': 1}",
26343,3,I guess this is good for people who want a tighter control over their ...,"I'd very much prefer to keep my funds handy, not just stuck on an Amazon account. I did this mainly to take advantage of the credit offer. I guess this is good for people who want a tighter control over their budget.",NEUTRAL,NEUTRAL,medium,"The reviewer balances a dislike of locking up funds with a pragmatic acknowledgment of the credit offer and the product's usefulness for budget control, resulting in a neutral, cautiously trusting tone.",trust,trust,"{'anger': 0, 'anticipation': 2, 'disgust': 0, 'fear': 0, 'joy': 2, 'sadness': 0, 'surprise': 4, 'trust': 6}",
9820,3,I have trouble at some retailers using this,"Had trouble at Walmart using this card.  It was extremely inconvenient.<br />Also, can't get cash out... which sucks.",NEUTRAL,NEGATIVE,high,The reviewer explicitly describes the card as extremely inconvenient and frustrating due to trouble at Walmart and inability to get cash.,anger,anger,"{'anger': 2, 'anticipation': 1, 'disgust': 1, 'fear': 1, 'joy': 1, 'sadness': 1, 'surprise': 0, 'trust': 1}",
106381,5,Really easy to gift giving,I really do like to give amazon gift cards for any holiday. It is so easy and free shipping to the person you are giving it to.,POSITIVE,POSITIVE,high,"The reviewer clearly expresses satisfaction and enjoyment in giving Amazon gift cards, highlighting ease and free shipping.",joy,anticipation,"{'anger': 0, 'anticipation': 3, 'disgust': 0, 'fear': 0, 'joy': 3, 'sadness': 0, 'surprise': 2, 'trust': 0}",
119407,5,Five Stars,"excellent, don;t know why I did not do this type of shopping, this season was a breeze! Thanks, Jeanne",POSITIVE,POSITIVE,high,The reviewer expresses delight and relief that shopping was easy and excellent this season.,joy,trust,"{'anger': 0, 'anticipation': 1, 'disgust': 0, 'fear': 0, 'joy': 2, 'sadness': 0, 'surprise': 1, 'trust': 3}",
12158,5,It's a gift card.,You can't really go wrong with a gift card.,POSITIVE,NEUTRAL,high,"The reviewer states a gift card is a safe, reliable choice without expressing strong positive or negative feelings.",trust,anticipation,"{'anger': 0, 'anticipation': 2, 'disgust': 0, 'fear': 0, 'joy': 2, 'sadness': 0, 'surprise': 2, 'trust': 0}",
54935,1,No comment,No comment,NEGATIVE,NEUTRAL,low,"The review consists only of 'No comment', providing no opinion or emotional content, so it is best classified as neutral with a default low-confidence emotion.",trust,neutral,"{'anger': 0, 'anticipation': 0, 'disgust': 0, 'fear': 0, 'joy': 0, 'sadness': 0, 'surprise': 0, 'trust': 0}",
139291,1,fake,fake,NEGATIVE,NEGATIVE,medium,"The repeated 'fake' clearly expresses dissatisfaction and a sense of being deceived, which is best captured by anger.",anger,neutral,"{'anger': 0, 'anticipation': 0, 'disgust': 0, 'fear': 0, 'joy': 0, 'sadness': 0, 'surprise': 0, 'trust': 0}",
52007,3,Missed Savings,"I overlooked the spot not once, but 2xs that you have to additionally click on to receive 2% cash back on reload. Definitely know next time to make sure it is selected.",NEUTRAL,NEGATIVE,medium,"The reviewer is frustrated about missing cash back twice due to an overlooked click, making the overall tone unfavorable.",anger,anticipation,"{'anger': 1, 'anticipation': 2, 'disgust': 0, 'fear': 1, 'joy': 1, 'sadness': 0, 'surprise': 0, 'trust': 1}",
113917,3,Three Stars,was not accepted at some subway locations,NEUTRAL,NEGATIVE,medium,"The body reports the item was not accepted at some locations, indicating frustration despite the neutral three-star title.",anger,neutral,"{'anger': 0, 'anticipation': 0, 'disgust': 0, 'fear': 0, 'joy': 0, 'sadness': 0, 'surprise': 0, 'trust': 0}",
102385,3,Not happy with the package,I ordered a holiday gift card (snowglobe with a snowman inside) but it was packaged in a black box with an orange bow!! WTH?  Not happy,NEUTRAL,NEGATIVE,high,"The reviewer explicitly says they are not happy and uses an exasperated 'WTH' about the wrong packaging, showing clear frustration.",anger,anticipation,"{'anger': 0, 'anticipation': 4, 'disgust': 0, 'fear': 0, 'joy': 4, 'sadness': 0, 'surprise': 1, 'trust': 2}",
37145,1,One Star,It is saying that it is delivered but i didnt get the item,NEGATIVE,NEGATIVE,high,The reviewer is clearly frustrated and upset because the tracking says delivered but the item never arrived.,anger,anticipation,"{'anger': 0, 'anticipation': 1, 'disgust': 0, 'fear': 0, 'joy': 1, 'sadness': 0, 'surprise': 0, 'trust': 1}",
46192,1,Not Shoneys,"Good Luck finding a Shoneys. Great deal. Sadly, no one wants it and I must seive32 miles hoping that location is still open.",NEGATIVE,NEGATIVE,medium,"The reviewer is disappointed that Shoneys locations are hard to find and they must drive 32 miles, with 'Sadly' signaling a negative overall tone.",sadness,anticipation,"{'anger': 0, 'anticipation': 3, 'disgust': 0, 'fear': 0, 'joy': 3, 'sadness': 1, 'surprise': 3, 'trust': 2}",
52262,3,Everything has a price,It’s very gif table easy to use and the value for money is great,NEUTRAL,POSITIVE,high,"The reviewer praises the product as easy to use and great value for money, clearly expressing satisfaction.",joy,anger,"{'anger': 1, 'anticipation': 1, 'disgust': 0, 'fear': 0, 'joy': 1, 'sadness': 0, 'surprise': 1, 'trust': 1}",
126877,1,I'm so disappointed.,"It's not a card, it's just a crumpled paper. I'm so disappointed.",NEGATIVE,NEGATIVE,high,"The reviewer explicitly expresses disappointment and describes the item as a crumpled paper, clearly indicating dissatisfaction.",sadness,anger,"{'anger': 2, 'anticipation': 0, 'disgust': 2, 'fear': 0, 'joy': 0, 'sadness': 2, 'surprise': 0, 'trust': 0}",
20040,5,It works,Pretty simple. Not a whole lot to say.,POSITIVE,NEUTRAL,high,"The review is a matter-of-fact statement that the product functions, with no praise or criticism, indicating a neutral tone and a basic sense of reliability.",trust,anticipation,"{'anger': 0, 'anticipation': 1, 'disgust': 0, 'fear': 0, 'joy': 1, 'sadness': 0, 'surprise': 0, 'trust': 1}",
31114,3,It's a gift card...,It's a gift card. What kind of review can I actually give? I liked receiving an extra $10 credit for purchasing it. My daughter liked the tin.,NEUTRAL,POSITIVE,medium,"The reviewer expresses mild satisfaction with the extra credit and notes their daughter liked the tin, giving an overall favorable tone.",joy,joy,"{'anger': 0, 'anticipation': 3, 'disgust': 0, 'fear': 0, 'joy': 5, 'sadness': 0, 'surprise': 3, 'trust': 2}",
102545,1,NEVER AGAIN....,"Received one as a gift.  For some reason Amazon (according to the issuing bank) removed the funds from the card after the card was purchased.  When I called Amazon to find out what happened, after 40 minutes they couldn't find any record of the card and had no idea why the funds would have been withdrawn from the card they couldn't find....  NEVER AGAIN.  I'm apparently out a $200 gift or the giver is in for an afternoon of endless questions and my guess is little or no satisfaction from Amazon customer service.",NEGATIVE,NEGATIVE,high,"The reviewer is clearly frustrated and angry after Amazon lost the gift card funds and provided no resolution, ending with 'NEVER AGAIN.'",anger,joy,"{'anger': 1, 'anticipation': 2, 'disgust': 0, 'fear': 1, 'joy': 3, 'sadness': 1, 'surprise': 3, 'trust': 2}",
25909,3,Three Stars,Dented tin :/,NEUTRAL,NEGATIVE,medium,"The review reports a dented tin with a frown emoticon, clearly expressing disappointment and dissatisfaction.",sadness,neutral,"{'anger': 0, 'anticipation': 0, 'disgust': 0, 'fear': 0, 'joy': 0, 'sadness': 0, 'surprise': 0, 'trust': 0}",
37229,5,It's a giftcard,Bought for teen. Easy gift,POSITIVE,NEUTRAL,medium,"The review is a brief, factual statement about buying a gift card as an easy gift, with no strong positive or negative feeling expressed.",trust,anticipation,"{'anger': 0, 'anticipation': 1, 'disgust': 0, 'fear': 0, 'joy': 1, 'sadness': 0, 'surprise': 1, 'trust': 0}",
19151,1,useless,"peel off strip doesn't come off easily, finally got it off and it took the pin number with it. Got a refund. Read the negative reviews here. Sold and shipped by ACI which is owned by Amazon. Never again.",NEGATIVE,NEGATIVE,high,The reviewer expresses strong frustration and vows never to buy again after a defective product ruined the PIN and required a refund.,anger,sadness,"{'anger': 0, 'anticipation': 1, 'disgust': 1, 'fear': 0, 'joy': 1, 'sadness': 2, 'surprise': 1, 'trust': 1}",
123654,3,Ok...,"It was a little difficult to reload onto my account. Didn't seem to want to post to my account. Took three tries, I think.",NEUTRAL,NEGATIVE,medium,"The reviewer describes a frustrating reload process that took three tries, with no positive remarks, indicating mild dissatisfaction.",anger,trust,"{'anger': 0, 'anticipation': 0, 'disgust': 0, 'fear': 1, 'joy': 0, 'sadness': 0, 'surprise': 0, 'trust': 2}",
93355,3,Gift card,"The gift card arrived on time. However, there wasn't a writing that I had written on the gift card. My daughter had no idea who the card was from. The saying that I wrote wasn't on the card, as well. Not acceptable. I asked her if she received a gift card from Amazon. She said, yes, but had no idea who gave it to her.",NEUTRAL,NEGATIVE,high,"The reviewer is clearly dissatisfied and frustrated that the personalized message was omitted, making the gift card impersonal and unacceptable.",anger,anticipation,"{'anger': 0, 'anticipation': 5, 'disgust': 0, 'fear': 0, 'joy': 5, 'sadness': 0, 'surprise': 4, 'trust': 0}",
87871,5,Nice Looking,Good Envelope.,POSITIVE,POSITIVE,medium,"The brief praise 'Nice Looking' and 'Good Envelope' conveys clear satisfaction, though the emotion is mild.",joy,anticipation,"{'anger': 0, 'anticipation': 1, 'disgust': 0, 'fear': 0, 'joy': 1, 'sadness': 0, 'surprise': 1, 'trust': 1}",
57335,3,"Useful, but Caution","Useful for using up a Visa Gift Card with a small balance, but they charged a dollar as a so-called test to my account. However the dollar was never refunded, so it was a surcharge, not a test.",NEUTRAL,NEGATIVE,medium,"The reviewer acknowledges the card is useful but focuses on the unreimbursed dollar charge as a deceptive surcharge, making the overall stance critical and annoyed.",anger,anger,"{'anger': 2, 'anticipation': 2, 'disgust': 0, 'fear': 1, 'joy': 1, 'sadness': 0, 'surprise': 1, 'trust': 1}",
2874,5,Five Stars,Loved it!,POSITIVE,POSITIVE,high,"The reviewer explicitly states 'Loved it!' and gives five stars, clearly expressing satisfaction and happiness.",joy,neutral,"{'anger': 0, 'anticipation': 0, 'disgust': 0, 'fear': 0, 'joy': 0, 'sadness': 0, 'surprise': 0, 'trust': 0}",
110554,1,You delivered a gift card which is like cash to the wrong address.,"Gift cards are like cash and should be treated like cash so when you give it to someone that wasn't supposed to get it, it might be hard to track down the next day. So you should deliver the gift cards to the ACTUAL address it was delivered to. You just made some stranger a merry christmas while im sitting here writing this.",NEGATIVE,NEGATIVE,high,"The reviewer is clearly upset and frustrated that a gift card was delivered to the wrong address, emphasizing the loss and inconvenience.",anger,anticipation,"{'anger': 3, 'anticipation': 7, 'disgust': 0, 'fear': 4, 'joy': 7, 'sadness': 0, 'surprise': 3, 'trust': 3}",
110750,1,Even after a phone call never received the codes to use the cards,These were given out to our clients and they were not able to use the cards outside of Amazon. We asked for codes and never received them,NEGATIVE,NEGATIVE,high,The reviewer expresses clear frustration and dissatisfaction because the cards were unusable outside Amazon and the promised codes were never provided despite a phone call.,anger,neutral,"{'anger': 0, 'anticipation': 0, 'disgust': 0, 'fear': 0, 'joy': 0, 'sadness': 0, 'surprise': 0, 'trust': 0}",
104872,1,"I love Panera, however","I love Panera, however, I sent one of these to my granddaughter for Christmas and today she called to tell me that when she went to use it at college, she ended up paying for her food herself because the card didn't work and when she went on line to check the number, it, too, said $0 balance.  She had never used it. I have the other one I ordered then still here and was going to send it to her for her birthday. So, now I'll have to scratch off the PIN # and go online to check it BEFORE I can send it.  That will make it less than a brand new card for her to open and use on her birthday IF it IS a good card.  Not sure what to do now that the other one doesn't work and I paid $25 for it!  Who do I call?",NEGATIVE,NEGATIVE,high,"Despite loving Panera, the reviewer is clearly frustrated and upset that the gift card failed, leaving her granddaughter to pay and wasting her $25.",anger,joy,"{'anger': 0, 'anticipation': 3, 'disgust': 0, 'fear': 0, 'joy': 6, 'sadness': 0, 'surprise': 3, 'trust': 2}",
145903,3,I won't purchase any more gift cards.,This was a gift.  One of the cards was not activated and couldn't be used.,NEUTRAL,NEGATIVE,high,"The reviewer reports a defective gift card that couldn't be used and vows never to buy gift cards again, clearly expressing frustration and dissatisfaction.",anger,anticipation,"{'anger': 0, 'anticipation': 2, 'disgust': 0, 'fear': 0, 'joy': 2, 'sadness': 0, 'surprise': 2, 'trust': 0}",
61348,1,Holiday message not included but it was on my order invoice,Did not come with my holiday message printed on it.<br /><br />Items Ordered Price<br />1 of: Amazon.com Gift Card with Greeting Card - $15  (Christmas Tree design) [Paper Gift Certificate]<br />Condition: New<br />Sold by: Amazon.com LLC<br />$15.00<br />- 1 item(s) Gift options:<br />- Gift-wrap: None<br />- Gift note: Merry Christmas From: Jason,NEGATIVE,NEGATIVE,medium,"The reviewer reports that the expected holiday message was not printed on the gift card, expressing disappointment in a factual, understated complaint.",sadness,joy,"{'anger': 1, 'anticipation': 8, 'disgust': 1, 'fear': 0, 'joy': 9, 'sadness': 0, 'surprise': 7, 'trust': 1}",
61765,5,Convenient,They were given to the workers at a nonprofit for Christmas.,POSITIVE,NEUTRAL,low,"The review is a brief factual statement about giving items to workers, with no clear positive or negative tone.",trust,neutral,"{'anger': 0, 'anticipation': 0, 'disgust': 0, 'fear': 0, 'joy': 0, 'sadness': 0, 'surprise': 0, 'trust': 0}",
113069,5,Convenience,Easy,POSITIVE,POSITIVE,low,"The brief words 'Easy' and 'Convenience' convey a favorable, satisfied impression, though the extreme brevity limits certainty.",joy,neutral,"{'anger': 0, 'anticipation': 0, 'disgust': 0, 'fear': 0, 'joy': 0, 'sadness': 0, 'surprise': 0, 'trust': 0}",
6263,5,Cute Box,Very cute gift box.,POSITIVE,POSITIVE,high,"The reviewer expresses clear delight with the word 'cute', indicating a positive and joyful reaction to the gift box.",joy,anticipation,"{'anger': 0, 'anticipation': 1, 'disgust': 0, 'fear': 0, 'joy': 1, 'sadness': 0, 'surprise': 1, 'trust': 0}",
128122,3,Can’t be used online,Can’t be used online such at AE. You have go into store. Never bought if knew this.,NEUTRAL,NEGATIVE,high,"The reviewer is clearly frustrated and regretful that the product cannot be used online, stating they would not have bought it if they had known.",anger,anticipation,"{'anger': 0, 'anticipation': 1, 'disgust': 0, 'fear': 0, 'joy': 0, 'sadness': 0, 'surprise': 0, 'trust': 0}",
130367,3,Descret shipping cane in a brown box in another brown ...,Descret shipping cane in a brown box in another brown box. Fast shipping also got less then a week. Smaller then expected. Hard to handle. Feels realistic. Came with everything.,NEUTRAL,NEUTRAL,medium,"The review balances positive points like fast shipping and realistic feel with negatives like smaller than expected and hard to handle, resulting in a factual, mixed assessment.",trust,anger,"{'anger': 2, 'anticipation': 1, 'disgust': 0, 'fear': 2, 'joy': 0, 'sadness': 0, 'surprise': 0, 'trust': 0}",
132231,3,I was finely able to reload and I got my ...,"I was finely able to reload and I got my balance quickly, however in the past it was a lot easier to reload.",NEUTRAL,POSITIVE,medium,"The reviewer expresses satisfaction at successfully reloading and getting balance quickly, with only a minor backward-looking complaint that doesn't override the positive outcome.",joy,neutral,"{'anger': 0, 'anticipation': 0, 'disgust': 0, 'fear': 0, 'joy': 0, 'sadness': 0, 'surprise': 0, 'trust': 0}",
91257,1,Disappointing for Father’s Day,I used the gift option with a whole paragraph typed out for Father’s Day & just recently found out it was literally just the card with No note nor any of the names in or on the box from his grandchildren! Very Disappointing & will not be purchasing a gift card from Amazon again.,NEGATIVE,NEGATIVE,high,"The reviewer explicitly expresses disappointment about the missing personalized note and names, and vows not to purchase again, making the overall tone clearly negative.",sadness,joy,"{'anger': 0, 'anticipation': 3, 'disgust': 0, 'fear': 0, 'joy': 4, 'sadness': 2, 'surprise': 2, 'trust': 4}",
148003,1,Tricky part is withdrawal of fund,"It's easy to relaod, But impossible to withdraw....",NEGATIVE,NEGATIVE,high,"The review praises easy reloading but strongly criticizes the impossibility of withdrawing funds, making the overall tone clearly negative and frustrated.",anger,sadness,"{'anger': 0, 'anticipation': 0, 'disgust': 0, 'fear': 0, 'joy': 0, 'sadness': 2, 'surprise': 0, 'trust': 0}",
36565,1,I expected better,The gift card had a big tear on the back side. It was like that enclosed in a plastic wrap. Very embarrassing since I only saw it shortly before having to give out the gift card.,NEGATIVE,NEGATIVE,high,"The reviewer is clearly dissatisfied and embarrassed by receiving a damaged gift card, expressing disappointment with the product quality.",anger,anticipation,"{'anger': 0, 'anticipation': 4, 'disgust': 0, 'fear': 0, 'joy': 2, 'sadness': 0, 'surprise': 2, 'trust': 0}",
24310,3,ok,ok,NEUTRAL,NEUTRAL,low,"The review is extremely brief and neutral, with no clear positive or negative tone, so the best-fitting emotion is a mild, non-committal acceptance.",trust,neutral,"{'anger': 0, 'anticipation': 0, 'disgust': 0, 'fear': 0, 'joy': 0, 'sadness': 0, 'surprise': 0, 'trust': 0}",
114058,5,The perfect Amazon,The perfect Amazon,POSITIVE,POSITIVE,high,The phrase 'perfect' clearly expresses strong satisfaction and delight.,joy,anticipation,"{'anger': 0, 'anticipation': 2, 'disgust': 0, 'fear': 0, 'joy': 2, 'sadness': 0, 'surprise': 0, 'trust': 2}",
98652,3,Damaged,"Pretty disappointed, the box came totally beat up. I'm a little embarrassed to give it as a wedding present so I'll probably end up taking it out of the box which was the whole point of ordering this. I'm glad I didn't pay extra for the box but I expected more.",NEUTRAL,NEGATIVE,high,"The reviewer expresses clear disappointment and embarrassment about the damaged box, making the overall sentiment negative with sadness as the dominant emotion.",sadness,anticipation,"{'anger': 1, 'anticipation': 5, 'disgust': 1, 'fear': 0, 'joy': 4, 'sadness': 1, 'surprise': 1, 'trust': 3}",
148152,1,Watch what it's used for,These cards were used to scam money from my Credit Union Account!,NEGATIVE,NEGATIVE,high,"The reviewer reports being scammed and losing money, clearly expressing dissatisfaction and frustration.",anger,trust,"{'anger': 1, 'anticipation': 2, 'disgust': 0, 'fear': 1, 'joy': 1, 'sadness': 0, 'surprise': 1, 'trust': 3}",
137057,5,Five Stars,Amazon is the best!,POSITIVE,POSITIVE,high,"The review expresses strong enthusiasm and satisfaction with Amazon, clearly positive in tone.",joy,neutral,"{'anger': 0, 'anticipation': 0, 'disgust': 0, 'fear': 0, 'joy': 0, 'sadness': 0, 'surprise': 0, 'trust': 0}",
15416,5,Five Stars,glad this is now an option,POSITIVE,POSITIVE,high,"The reviewer expresses satisfaction and relief that the product is now available, with the title 'Five Stars' reinforcing a clearly positive sentiment.",joy,anticipation,"{'anger': 0, 'anticipation': 1, 'disgust': 0, 'fear': 0, 'joy': 1, 'sadness': 0, 'surprise': 0, 'trust': 0}",
69855,1,Cards send without activation,"The cards are probably great, but they were sent to me WITHOUT being activated!!  This was especially troublesome as I gave them as a gift and the beneficiary didn't find out they were not activated until they got to the cash register and the cards were denied.",NEGATIVE,NEGATIVE,high,"The reviewer is clearly frustrated and upset that the gift cards arrived unactivated, causing public embarrassment and denial at checkout.",anger,anger,"{'anger': 2, 'anticipation': 2, 'disgust': 0, 'fear': 2, 'joy': 2, 'sadness': 1, 'surprise': 1, 'trust': 1}",
24753,5,Great gift item,Great gift item,POSITIVE,POSITIVE,high,"The review explicitly praises the item as 'great,' expressing clear satisfaction and positive sentiment.",joy,anticipation,"{'anger': 0, 'anticipation': 2, 'disgust': 0, 'fear': 0, 'joy': 2, 'sadness': 0, 'surprise': 2, 'trust': 0}",
25335,1,gift,gift card was not included. Refund is supposed to be issued,NEGATIVE,NEGATIVE,medium,"The reviewer reports the gift card was missing and only a refund is expected, indicating clear dissatisfaction with the purchase.",anger,anticipation,"{'anger': 0, 'anticipation': 2, 'disgust': 0, 'fear': 0, 'joy': 2, 'sadness': 0, 'surprise': 2, 'trust': 0}",
82547,5,Excellent!,Excellent!,POSITIVE,POSITIVE,high,The reviewer explicitly expresses strong satisfaction with the word 'Excellent!'.,joy,joy,"{'anger': 0, 'anticipation': 0, 'disgust': 0, 'fear': 0, 'joy': 2, 'sadness': 0, 'surprise': 0, 'trust': 2}",
133196,3,It’s a gift card,Not much to review here,NEUTRAL,NEUTRAL,high,"The review is a matter-of-fact statement that there is little to review, expressing no strong positive or negative feeling.",trust,anticipation,"{'anger': 0, 'anticipation': 1, 'disgust': 0, 'fear': 0, 'joy': 1, 'sadness': 0, 'surprise': 1, 'trust': 0}",
42553,1,clickbait scam,clickbait scam,NEGATIVE,NEGATIVE,high,"The review explicitly calls the product a 'clickbait scam', clearly expressing strong dissatisfaction and frustration.",anger,neutral,"{'anger': 0, 'anticipation': 0, 'disgust': 0, 'fear': 0, 'joy': 0, 'sadness': 0, 'surprise': 0, 'trust': 0}",
121903,5,nice,nice,POSITIVE,POSITIVE,low,"The word 'nice' is a brief but clearly favorable assessment, indicating satisfaction.",joy,neutral,"{'anger': 0, 'anticipation': 0, 'disgust': 0, 'fear': 0, 'joy': 0, 'sadness': 0, 'surprise': 0, 'trust': 0}",
111647,1,Doesn't work,Doesn't work at walmart's or target or gas station. Never agian,NEGATIVE,NEGATIVE,high,"The reviewer clearly expresses frustration and dissatisfaction that the product failed at multiple locations, vowing never again.",anger,neutral,"{'anger': 0, 'anticipation': 0, 'disgust': 0, 'fear': 0, 'joy': 0, 'sadness': 0, 'surprise': 0, 'trust': 0}",
134956,1,I was very disappointed because I did not know it would cost so ...,I was very disappointed because I did not know it would cost so much to get them programmed. $80.00 for both of them. Needless to say they are sitting in a drawer.,NEGATIVE,NEGATIVE,high,"The reviewer explicitly expresses disappointment about unexpected programming costs and leaves the items unused, indicating clear dissatisfaction.",sadness,anger,"{'anger': 2, 'anticipation': 0, 'disgust': 2, 'fear': 0, 'joy': 0, 'sadness': 2, 'surprise': 0, 'trust': 0}",
51207,1,Never got my bonus,I was told that if I loaded $100 onto the car they reload it with an extra 10 or 20 I’m not sure what it was but it was until after I already loaded the card that it said must be a first time customer that should I put in a bright print in the beginning I would never loaded the car with my frozen anything for you guys use my card like I always do,NEGATIVE,NEGATIVE,high,"The reviewer is upset about being misled into loading money onto a card without receiving the promised bonus, expressing frustration and distrust.",anger,anticipation,"{'anger': 0, 'anticipation': 2, 'disgust': 0, 'fear': 0, 'joy': 1, 'sadness': 0, 'surprise': 1, 'trust': 0}",
60684,5,Five Stars,"Very easy to get, nice way to use a prepaid card that I got as a rebate.",POSITIVE,POSITIVE,high,"The reviewer expresses clear satisfaction and approval, calling the card easy to get and a nice way to use a rebate.",joy,neutral,"{'anger': 0, 'anticipation': 0, 'disgust': 0, 'fear': 0, 'joy': 0, 'sadness': 0, 'surprise': 0, 'trust': 0}",
33464,1,Easy to load,I have reloaded my card twice and the second time I never got the $10 credit for reloading my card.....<br />Cannot purchase gift cards,NEGATIVE,NEGATIVE,medium,"The body outweighs the positive title, focusing on a missing $10 credit and inability to purchase gift cards, expressing clear frustration.",anger,anticipation,"{'anger': 0, 'anticipation': 2, 'disgust': 0, 'fear': 0, 'joy': 1, 'sadness': 0, 'surprise': 1, 'trust': 1}",
136466,1,I need help?!?,I ordered 2 gift cards at the same time but they didn't mark which one for $50 and which one for $25,NEGATIVE,NEGATIVE,medium,"The reviewer is frustrated and seeking help because the gift cards were not labeled clearly, indicating dissatisfaction with the order.",anger,anticipation,"{'anger': 0, 'anticipation': 2, 'disgust': 0, 'fear': 0, 'joy': 1, 'sadness': 0, 'surprise': 1, 'trust': 0}",
64837,1,This is a scam,Bought 4 gift cards and they say 0 value. Wtf,NEGATIVE,NEGATIVE,high,The reviewer calls the product a scam and expresses frustration with expletive-laden disbelief after receiving gift cards with zero value.,anger,anticipation,"{'anger': 0, 'anticipation': 1, 'disgust': 0, 'fear': 0, 'joy': 1, 'sadness': 0, 'surprise': 1, 'trust': 0}",
81231,3,Beware you may not get the design you ordered.,"If it’s important to you to receive a particular design (i.e. nativity scene) you need to state that you do not want a substitution. Otherwise, they’ll send whatever they want. Kudos to Amazon though for at least refunding my money after sending me a design I didn’t want for a Christmas gift.",NEUTRAL,NEGATIVE,medium,"The reviewer warns others about receiving an unwanted design substitution and expresses clear dissatisfaction, despite acknowledging Amazon's refund.",anger,anticipation,"{'anger': 1, 'anticipation': 3, 'disgust': 0, 'fear': 1, 'joy': 3, 'sadness': 0, 'surprise': 2, 'trust': 2}",
138797,5,I like when the picture on the front of the gift ...,I like when the picture on the front of the gift card matches the picture on the front of the greeting card.,POSITIVE,POSITIVE,medium,"The reviewer expresses satisfaction with a matching picture feature, indicating a positive and pleased tone.",joy,surprise,"{'anger': 0, 'anticipation': 2, 'disgust': 0, 'fear': 0, 'joy': 2, 'sadness': 0, 'surprise': 3, 'trust': 0}",
39672,3,The reason for three stars is simply because it was ...,"The reason for three stars is simply because it was a promotion to order this card on the Echo, and receive a discount on my next order, and it turned out to be nothing but trouble to even try and get the discount to work.",NEUTRAL,NEGATIVE,medium,"The reviewer expresses clear frustration that the promotional discount was troublesome and did not work as expected, making the overall tone negative.",anger,neutral,"{'anger': 0, 'anticipation': 0, 'disgust': 0, 'fear': 0, 'joy': 0, 'sadness': 0, 'surprise': 0, 'trust': 0}",
121289,3,Reload,"If I want to buy something,the money is there.Very convenient.",NEUTRAL,POSITIVE,high,"The reviewer expresses satisfaction with the convenience of having money readily available, indicating a positive sentiment and trust in the product.",trust,anger,"{'anger': 1, 'anticipation': 1, 'disgust': 0, 'fear': 0, 'joy': 1, 'sadness': 0, 'surprise': 1, 'trust': 1}",
86396,1,Buyer Beware.,Purchased this for my parents as part of a Christmas gift last year. Mom told me just recently that when they wanted to use it they discovered it had never been activated. I will not purchase any of these gift cards online again.,NEGATIVE,NEGATIVE,high,"The reviewer warns others and vows not to buy online gift cards again after discovering the card was never activated, expressing clear frustration and dissatisfaction.",anger,anticipation,"{'anger': 0, 'anticipation': 3, 'disgust': 0, 'fear': 1, 'joy': 2, 'sadness': 0, 'surprise': 2, 'trust': 0}",
126366,5,Excellent,Excellent gift for a graduate.<br />Thank-you Amazon<br />Essani,POSITIVE,POSITIVE,high,"The reviewer explicitly calls the gift 'Excellent' and expresses gratitude, clearly indicating satisfaction and happiness.",joy,joy,"{'anger': 0, 'anticipation': 1, 'disgust': 0, 'fear': 0, 'joy': 3, 'sadness': 0, 'surprise': 1, 'trust': 2}",
148000,1,Card had no balance upon receipt!!  Embarrassing! N,Card did not have a balance when received.  Birthday recepient went to use and was embarrassed.  Don’t buy this specific card from here.  You may get one with no balance and if you call to get a replacement you will be told you need to use within one day.  Had to get a refund but damage was done.,NEGATIVE,NEGATIVE,high,"The reviewer is clearly upset and frustrated that the gift card had no balance, causing embarrassment and leading to a strong warning against purchase.",anger,anger,"{'anger': 1, 'anticipation': 1, 'disgust': 1, 'fear': 0, 'joy': 1, 'sadness': 1, 'surprise': 1, 'trust': 1}",
126687,1,DO NOT BUY,Do not buy gift cards from Amazon! This gift card got hacked and it is the biggest hassle trying to get the money back!!!!,NEGATIVE,NEGATIVE,high,"The reviewer is furious about a hacked gift card and the hassle of recovering the money, explicitly warning others not to buy.",anger,anticipation,"{'anger': 1, 'anticipation': 3, 'disgust': 0, 'fear': 0, 'joy': 3, 'sadness': 0, 'surprise': 3, 'trust': 1}",
106500,1,Came damaged,"I ordered two of these adorable gift cards for two of my children for Easter.  One came perfect and the egg expanded and revealed the chick with gift card and it was so cute.  The other came folded, crushed and when you pulled the egg to display the gift card the top of the egg came off and even the gift card was bent.  I know the card still works but the whole idea was the cute egg and I had to choose a child to get a crushed, mangled gift card while the other child got a cute easter egg that opened to reveal a gift card.  Possibly should work on shipping these in a sturdy envelope or box rather than a thin bag where the card can get damaged.",NEGATIVE,NEGATIVE,high,"The reviewer is clearly disappointed that one of the two gift cards arrived damaged, ruining the intended cute Easter surprise for one child.",sadness,anticipation,"{'anger': 2, 'anticipation': 10, 'disgust': 2, 'fear': 2, 'joy': 10, 'sadness': 2, 'surprise': 6, 'trust': 2}",
95228,2,I'm glad I did not give this card away as a ...,"I'm glad I did not give this card away as a gift because I would be embarrassed to find out that it did not work for the recipient when it was supposed to. I've called the phone number on the back of the card and it is activated and contains the appropriate balance. The card, however, did not read and was neither &#34;accepted or declined&#34;, as the manager was telling me this.<br /><br />I've gone to the company that operates the card and it referenced that any redemption issues should notify the retailer that issued the card. So now I wait to find out how I can use my card with a balance but cannot be read and processed.",NEGATIVE,NEGATIVE,high,"The reviewer is clearly frustrated and dissatisfied because the gift card has a balance but cannot be read or processed, leaving them stuck waiting for a resolution.",anger,anticipation,"{'anger': 0, 'anticipation': 5, 'disgust': 0, 'fear': 0, 'joy': 3, 'sadness': 0, 'surprise': 1, 'trust': 0}",
55148,1,Gift card was NOT sent,"I bought what I thought was a $15 gift card but only received the flower card holder, and of course all I can do is write a review. Everything keeps telling me no returns on this item",NEGATIVE,NEGATIVE,high,The reviewer clearly expresses frustration and dissatisfaction about not receiving the gift card and being unable to return the item.,anger,anticipation,"{'anger': 0, 'anticipation': 3, 'disgust': 0, 'fear': 0, 'joy': 2, 'sadness': 0, 'surprise': 2, 'trust': 0}",
136434,3,Everything OK,no problems,NEUTRAL,POSITIVE,medium,"The review reports no problems and says everything is OK, indicating mild satisfaction and confidence in the product.",trust,neutral,"{'anger': 0, 'anticipation': 0, 'disgust': 0, 'fear': 0, 'joy': 0, 'sadness': 0, 'surprise': 0, 'trust': 0}",
108082,3,split decision.,"Just an FYI, I ordered 2 gift cards. One was received in pristine condition. The other was not wrapped in plastic, crinkled and a little torn.  Disappointed. Not the best gift presentation.",NEUTRAL,NEGATIVE,medium,"Although one gift card arrived fine, the damaged condition of the other and the explicit disappointment make the overall tone negative.",sadness,anticipation,"{'anger': 1, 'anticipation': 2, 'disgust': 1, 'fear': 0, 'joy': 2, 'sadness': 1, 'surprise': 2, 'trust': 0}",
144607,1,Scam !!!!!DON'T BUY,when I activated the card today someone had already used it and used all 100 dollars to send it to someone else paypal. I called the mastercard customer service and they are investigating it.,NEGATIVE,NEGATIVE,high,"The reviewer is furious that the card was drained before use, calling it a scam and warning others not to buy.",anger,neutral,"{'anger': 0, 'anticipation': 0, 'disgust': 0, 'fear': 0, 'joy': 0, 'sadness': 0, 'surprise': 0, 'trust': 0}",
138028,3,$10 promotion,"I love Amazon, and order from here all the time.  I was offered a $10 promotion if I purchased at least $50 in gift cards, but I have yet to receive the promotional code to use.",NEUTRAL,NEGATIVE,medium,"Despite expressing general love for Amazon, the review's main point is a complaint about not receiving the promised promotional code, making the overall tone negative.",anger,anticipation,"{'anger': 0, 'anticipation': 2, 'disgust': 0, 'fear': 0, 'joy': 2, 'sadness': 0, 'surprise': 1, 'trust': 0}",
112453,3,Mangled tin!,The tin was so mangled I could not bend it back into shape to completely close.  I had to apologize to the recipient that it looked used!,NEUTRAL,NEGATIVE,high,"The reviewer is clearly frustrated and upset that the tin arrived mangled and looked used, forcing them to apologize to the recipient.",anger,anticipation,"{'anger': 0, 'anticipation': 1, 'disgust': 0, 'fear': 0, 'joy': 0, 'sadness': 1, 'surprise': 0, 'trust': 1}",
33148,5,Covenient,My grand children love these!,POSITIVE,POSITIVE,high,"The reviewer expresses clear delight that their grandchildren love the product, indicating strong positive sentiment and joy.",joy,joy,"{'anger': 0, 'anticipation': 0, 'disgust': 0, 'fear': 0, 'joy': 1, 'sadness': 0, 'surprise': 0, 'trust': 0}",
83867,3,Kid,Cute package,NEUTRAL,POSITIVE,low,"The brief phrase 'Cute package' expresses a favorable, pleased reaction, though the review is too short for strong certainty.",joy,neutral,"{'anger': 0, 'anticipation': 0, 'disgust': 0, 'fear': 0, 'joy': 0, 'sadness': 0, 'surprise': 0, 'trust': 0}",
85832,5,Amazon is a drug loll,Like a little bank account just there for you.  Good to set a spending limit for crazy shoppers like me.  Lol,POSITIVE,POSITIVE,high,"The reviewer affectionately compares Amazon to a handy bank account and laughs about setting spending limits, clearly expressing enjoyment and satisfaction.",joy,trust,"{'anger': 1, 'anticipation': 1, 'disgust': 0, 'fear': 1, 'joy': 1, 'sadness': 1, 'surprise': 1, 'trust': 3}",
63322,1,Not received per tracking,Recipient has not received gift cards per tracking,NEGATIVE,NEGATIVE,medium,"The reviewer reports that the gift cards were not received despite tracking, indicating frustration and dissatisfaction with the delivery.",anger,anticipation,"{'anger': 0, 'anticipation': 2, 'disgust': 0, 'fear': 0, 'joy': 1, 'sadness': 0, 'surprise': 1, 'trust': 0}",
147866,1,"Bought this for my daughter, but Spotify wouldn't accept ...","Bought this for my daughter, but Spotify wouldn't accept it because she's on a &#34;student&#34; plan.  Since when is $60 not worth $60?  DO NOT BUY this for your student.",NEGATIVE,NEGATIVE,high,"The reviewer is frustrated and angry that the gift card was rejected for a student plan, and explicitly warns others not to buy it.",anger,joy,"{'anger': 0, 'anticipation': 1, 'disgust': 0, 'fear': 0, 'joy': 2, 'sadness': 0, 'surprise': 0, 'trust': 0}",
8935,1,Card was no good thank a lot,You never active it so I have  someone a gift that wasn’t any good. Do you have any idea how embarrassing that was,NEGATIVE,NEGATIVE,high,"The reviewer is clearly upset and sarcastically thanks the company for giving a gift card that didn't work, causing embarrassment.",anger,anticipation,"{'anger': 0, 'anticipation': 3, 'disgust': 0, 'fear': 0, 'joy': 3, 'sadness': 0, 'surprise': 3, 'trust': 2}",
75459,1,reloading gift card,It now shows that the balance on my gift card is ZERO!!!  Does not show that I transferred $100 to it (plus the $10 for reloading).  Crap!!!,NEGATIVE,NEGATIVE,high,The reviewer is clearly frustrated and angry that their reloaded gift card shows a zero balance despite transferring $100.,anger,anticipation,"{'anger': 0, 'anticipation': 2, 'disgust': 1, 'fear': 0, 'joy': 2, 'sadness': 0, 'surprise': 2, 'trust': 1}",
133832,1,Deceptive,Only applied to the first $100. Was presented as a one-time offer and presented $100-$500 dollar options in $100 increments. Was not possible to reverse the extra $400 I spent. Problem was resolved via credit to my account. I had to leave a bad review because it was a waste of my time. I'll eventually use up the credits I bought.,NEGATIVE,NEGATIVE,high,"The reviewer feels deceived and frustrated by a misleading offer that wasted their time, despite the eventual credit resolution.",anger,sadness,"{'anger': 1, 'anticipation': 2, 'disgust': 2, 'fear': 2, 'joy': 0, 'sadness': 3, 'surprise': 1, 'trust': 2}",
98577,3,Cute but tin was dented,The tin is adorable but sadly the lid was dented right down the middle. I doubt the birthday girl noticed though.,NEUTRAL,NEGATIVE,medium,"The reviewer likes the tin's appearance but is disappointed by the dent, making the defect the dominant concern.",sadness,joy,"{'anger': 0, 'anticipation': 1, 'disgust': 0, 'fear': 1, 'joy': 2, 'sadness': 2, 'surprise': 1, 'trust': 1}",
151303,5,I like Amazon re-load,I like Amazon re-load. I like that its not hard to use.,POSITIVE,POSITIVE,high,"The reviewer explicitly states liking the product and finds it easy to use, expressing clear satisfaction.",joy,neutral,"{'anger': 0, 'anticipation': 0, 'disgust': 0, 'fear': 0, 'joy': 0, 'sadness': 0, 'surprise': 0, 'trust': 0}",
136942,5,Perfect Gift,Always good when you don't know what to send.,POSITIVE,POSITIVE,high,"The reviewer expresses clear satisfaction and approval, calling it a perfect gift and saying it's always a good choice.",joy,anticipation,"{'anger': 0, 'anticipation': 3, 'disgust': 0, 'fear': 0, 'joy': 3, 'sadness': 0, 'surprise': 2, 'trust': 2}",
14334,3,Discrete,Serves it’s purpose,NEUTRAL,POSITIVE,medium,"The reviewer states the product serves its purpose, indicating mild satisfaction and confidence in its functionality.",trust,neutral,"{'anger': 0, 'anticipation': 0, 'disgust': 0, 'fear': 0, 'joy': 0, 'sadness': 0, 'surprise': 0, 'trust': 0}",
123150,1,Be aware.,Once you add money to these cards you can only use them for Amazon purchase you can’t get a refund at all.,NEGATIVE,NEGATIVE,high,"The reviewer warns others about the card's non-refundable restriction, expressing clear frustration and dissatisfaction.",anger,anger,"{'anger': 1, 'anticipation': 1, 'disgust': 0, 'fear': 0, 'joy': 1, 'sadness': 0, 'surprise': 1, 'trust': 1}",
77784,3,gift card,"a little disappointed as I received an email indicating that I would get $10 when I purchased this gift card, once purchased though, I was told I was not eligible",NEUTRAL,NEGATIVE,high,"The reviewer clearly expresses disappointment about being denied the promised $10, indicating a negative experience.",sadness,anticipation,"{'anger': 1, 'anticipation': 2, 'disgust': 1, 'fear': 0, 'joy': 2, 'sadness': 1, 'surprise': 2, 'trust': 0}",
14011,5,Cute way to give a card but would love a way to display!,Such a cute way to give a gift card!  Not a lot of room to write on the card area but still super cute!  Too bad it doesn’t have a little “stand” on the back to display the flower pot!,POSITIVE,POSITIVE,medium,"The reviewer clearly loves the cute gift card design and calls it 'super cute,' with only minor complaints about writing space and lack of a display stand.",joy,joy,"{'anger': 1, 'anticipation': 1, 'disgust': 1, 'fear': 1, 'joy': 2, 'sadness': 1, 'surprise': 1, 'trust': 0}",
45527,1,Terrible,"As a long time Amazon.com customer, a gift card seemed like a good purchase. I am just trying to purchase a card to have e-mailed. I basically wanted to convert a Visa debit gift card into an Amazon.com gift card. I put the amount of the card in, the number and expiration date. Amazon accepted it as payment, but after hours of not receiving a confirmation e-mail I checked the site to see what was going on. The site claimed they could not confirm the payment, yet they had already taken money off the Visa gift card. I contacted customer service who told me a Visa gift card is not the best way to purchase an Amazon gift card and they would refund the money to the Visa gift card. I then put in another order using my Amazon.com credit card. A card I have used thousands of times before and never had a problem. This time, I received the same message I got when using the Visa gift card. I contacted Customer Service again. The first person I spoke to told me I had a ""Block"" on the account. She could not tell me why that was there, and she informed me she could remove it immediately. This claim brought me some concern so I asked to speak with her manager to find out the reason  a ""Block"" had been placed. The manager claimed there was no ""Block"" on the card and the sale should have gone through fine. So, I again went back and checked on the sale. Again there was a message that it could not be paid using the payment option I had selected. I called back again and told them to cancel the sale. This is extremely disappointing to me, as I have felt for quite some time that Amazon was one of the last customer service oriented sellers around. I guess they too have been pushed to the ""Make money, screw the customer"" attitude this country has been forced into with our economic situation. A trusted company has gone down the drains. I hope to see you come back to your original ideals some day Amazon.",NEGATIVE,NEGATIVE,high,"The reviewer expresses strong frustration and outrage over repeated payment failures, unhelpful customer service, and feeling betrayed by a once-trusted company.",anger,anticipation,"{'anger': 5, 'anticipation': 20, 'disgust': 1, 'fear': 4, 'joy': 14, 'sadness': 5, 'surprise': 15, 'trust': 8}",
86304,5,The way it looks!!,"I wanted a gift card for my cousins daughter for graduating High School, and becoming a EMT, and getting a job at same time! This gift card was in a smart looking black box with a bow on it instead of looking like every gift card you can buy. It looked special to receive instead of the usual ones you find. Highly recommended!!!",POSITIVE,POSITIVE,high,"The reviewer is delighted with the gift card's special, attractive packaging and enthusiastically recommends it.",joy,joy,"{'anger': 0, 'anticipation': 4, 'disgust': 0, 'fear': 0, 'joy': 5, 'sadness': 0, 'surprise': 3, 'trust': 2}",
105305,3,Not happy,Not of much use,NEUTRAL,NEGATIVE,high,"The title and body both express clear dissatisfaction with the product's usefulness, indicating frustration.",anger,anticipation,"{'anger': 0, 'anticipation': 1, 'disgust': 0, 'fear': 0, 'joy': 1, 'sadness': 0, 'surprise': 0, 'trust': 1}",
100907,3,Love convenice hate that I have to enter my credit ...,Love convenice hate that I have to enter my credit card number every time even if it's already on file!,NEUTRAL,NEGATIVE,medium,"The reviewer appreciates convenience but is clearly frustrated and annoyed by the repeated need to enter credit card info, making the complaint the dominant tone.",anger,anger,"{'anger': 2, 'anticipation': 1, 'disgust': 2, 'fear': 2, 'joy': 2, 'sadness': 2, 'surprise': 0, 'trust': 2}",
48743,5,"Charged my credit card, went onto the gift card, got my $10 bonus","Took a few minutes online. It's a card, so easy to gift. Reloading doesn't come in a package, so . . .",POSITIVE,POSITIVE,high,"The reviewer successfully got the bonus and found the card easy to gift, expressing clear satisfaction.",joy,anticipation,"{'anger': 0, 'anticipation': 3, 'disgust': 0, 'fear': 0, 'joy': 3, 'sadness': 0, 'surprise': 3, 'trust': 1}",
73247,5,Clever presentation,I was so surprised to see the clever way the gift card was packaged!  So was the recipient!,POSITIVE,POSITIVE,high,"The reviewer expresses delighted surprise at the clever packaging, clearly favorable.",surprise,anticipation,"{'anger': 0, 'anticipation': 2, 'disgust': 0, 'fear': 0, 'joy': 1, 'sadness': 0, 'surprise': 2, 'trust': 0}",
80014,2,Hard to use,Hard to use,NEGATIVE,NEGATIVE,high,"The review explicitly states the product is hard to use, clearly expressing dissatisfaction and frustration.",anger,neutral,"{'anger': 0, 'anticipation': 0, 'disgust': 0, 'fear': 0, 'joy': 0, 'sadness': 0, 'surprise': 0, 'trust': 0}",
73103,5,Who doesn't like gift cards,It is what it says it is and it works like it says it will.,POSITIVE,POSITIVE,medium,"The review confirms the product works as described, expressing satisfaction in a matter-of-fact way, with trust as the dominant feeling.",trust,anticipation,"{'anger': 0, 'anticipation': 1, 'disgust': 0, 'fear': 0, 'joy': 1, 'sadness': 0, 'surprise': 1, 'trust': 0}",
133028,5,Five Stars,muy bueno,POSITIVE,POSITIVE,high,The title 'Five Stars' and body 'muy bueno' ('very good') clearly express satisfaction and approval.,joy,neutral,"{'anger': 0, 'anticipation': 0, 'disgust': 0, 'fear': 0, 'joy': 0, 'sadness': 0, 'surprise': 0, 'trust': 0}",
126133,1,beware of use for gift card,Bought it for magazines on kindle and found out can not use it for that you should be told it has limited uses,NEGATIVE,NEGATIVE,high,The reviewer is frustrated and annoyed that the gift card cannot be used for Kindle magazines and feels the limitation should have been disclosed.,anger,anticipation,"{'anger': 1, 'anticipation': 2, 'disgust': 0, 'fear': 1, 'joy': 2, 'sadness': 1, 'surprise': 1, 'trust': 1}",
144554,1,Not activated scam!!,Horrible card not activated. Had to sit on hold still not resolved. Amazon acted as if they didn’t know what I was talking about. Smh,NEGATIVE,NEGATIVE,high,The reviewer expresses frustration and outrage over an inactive card and unhelpful customer service.,anger,anger,"{'anger': 1, 'anticipation': 0, 'disgust': 1, 'fear': 1, 'joy': 0, 'sadness': 0, 'surprise': 0, 'trust': 0}",
33494,3,dont uderstand,why would i reload if i get no perks for doing so,NEUTRAL,NEGATIVE,medium,"The reviewer questions the point of reloading because there are no perks, expressing frustration and dissatisfaction.",anger,neutral,"{'anger': 0, 'anticipation': 0, 'disgust': 0, 'fear': 0, 'joy': 0, 'sadness': 0, 'surprise': 0, 'trust': 0}",
119312,5,As advertised,Was a gift but it came quickly and as advertised.,POSITIVE,POSITIVE,high,"The reviewer is satisfied that the item arrived quickly and matched its description, indicating a positive and trusting assessment.",trust,anticipation,"{'anger': 0, 'anticipation': 1, 'disgust': 0, 'fear': 0, 'joy': 1, 'sadness': 0, 'surprise': 1, 'trust': 0}",
59339,5,"Nice packaging, easy to use","The box that this card comes in is pretty cool. Also, Amazon gift cards never expire and are super easy to use!",POSITIVE,POSITIVE,high,"The reviewer expresses clear satisfaction with the packaging and ease of use, with an enthusiastic tone.",joy,anticipation,"{'anger': 0, 'anticipation': 2, 'disgust': 0, 'fear': 0, 'joy': 2, 'sadness': 1, 'surprise': 1, 'trust': 1}",
